article_url,title,date,time,section,author,excerpt,text_body,feat_img_link,feat_img_cation,full_text,is_ergatiko
https://www.naftemporiki.gr/society/1964633/thessaloniki-sovaro-ergatiko-atychima-sti-viomichaniki-periochi-tis-sindoy/,Θεσσαλονίκη: Σοβαρό εργατικό ατύχημα στη Βιομηχανική Περιοχή της Σίνδου,2025-06-04,12:27:47,Κοινωνία,,,"Σοβαρό εργατικό ατύχημα σημειώθηκε το πρωί της Τετάρτης στη Βιομηχανική Περιοχή της Σίνδου, στη δυτική Θεσσαλονίκη. Σύμφωνα με το ΑΠΕ-ΜΠΕ, τραυματίστηκε σοβαρά ένας 34χρονος άνδρας, ο οποίος μεταφέρθηκε στο νοσοκομείο «Παπανικολάου» σε σοβαρή κατάσταση και διασωληνωμένος. Στο σημείο επιχείρησαν ένα συμβατικό ασθενοφόρο του ΕΚΑΒ και η Κινητή Μονάδα του ΕΚΑΒ Θεσσαλονίκης με γιατρό. ",https://www.naftemporiki.gr/wp-content/themes/naftemporiki/images/N.PNG,Σε σοβαρή κατάσταση ένας 34χρονος άνδρας,"Θεσσαλονίκη: Σοβαρό εργατικό ατύχημα στη Βιομηχανική Περιοχή της Σίνδου Σοβαρό εργατικό ατύχημα σημειώθηκε το πρωί της Τετάρτης στη Βιομηχανική Περιοχή της Σίνδου, στη δυτική Θεσσαλονίκη. Σύμφωνα με το ΑΠΕ-ΜΠΕ, τραυματίστηκε σοβαρά ένας 34χρονος άνδρας, ο οποίος μεταφέρθηκε στο νοσοκομείο «Παπανικολάου» σε σοβαρή κατάσταση και διασωληνωμένος. Στο σημείο επιχείρησαν ένα συμβατικό ασθενοφόρο του ΕΚΑΒ και η Κινητή Μονάδα του ΕΚΑΒ Θεσσαλονίκης με γιατρό. ",True
https://www.naftemporiki.gr/society/1952668/thessaloniki-sovaro-ergatiko-atychima-aytokinito-epese-pano-se-fortigaki-tis-egnatias-odoy/,Θεσσαλονίκη: Σοβαρό εργατικό ατύχημα – Αυτοκίνητο έπεσε πάνω σε φορτηγάκι της Εγνατίας Οδού,2025-05-06,07:47:44,Κοινωνία,,"Σοβαρό εργατικό ατύχημα σημειώθηκε το πρωί της Τρίτης στην Εθνική Οδό Θεσσαλονίκης- Μουδανίων, στην έξοδο για Χαλκιδική.","Σύμφωνα με την ΕΡΤ, αυτοκίνητο που ερχόταν από Θεσσαλονίκη προς Χαλκιδική χτύπησε προειδοποιητική πινακίδα, η οποία στη συνέχεια παρέσυρε ένα εργάτη που βρισκόταν στο σημείο με αποτέλεσμα να σφηνωθεί ανάμεσα στην πινακίδα και σε φορτηγάκι που βρισκόταν επίσης στο σημείο. Σημειώνεται ότι στο συγκεκριμένο σημείο βρισκόταν συνεργείο με εργάτες που τοποθετούσαν σήμανση για να ξενεκινήσουν εργασίες ασφαλτόστρωσης. Στο σημείο κλήθηκε η Πυροσβεστική Υπηρεσία προκειμένου να απεγκλωβίσει τον άνδρα, ο οποίος μεταφέρεται στο νοσοκομείο. ",https://www.naftemporiki.gr/wp-content/themes/naftemporiki/images/N.PNG,Τραυματίστηκε ένας εργάτης- Τι συνέβη,"Θεσσαλονίκη: Σοβαρό εργατικό ατύχημα – Αυτοκίνητο έπεσε πάνω σε φορτηγάκι της Εγνατίας Οδού Σύμφωνα με την ΕΡΤ, αυτοκίνητο που ερχόταν από Θεσσαλονίκη προς Χαλκιδική χτύπησε προειδοποιητική πινακίδα, η οποία στη συνέχεια παρέσυρε ένα εργάτη που βρισκόταν στο σημείο με αποτέλεσμα να σφηνωθεί ανάμεσα στην πινακίδα και σε φορτηγάκι που βρισκόταν επίσης στο σημείο. Σημειώνεται ότι στο συγκεκριμένο σημείο βρισκόταν συνεργείο με εργάτες που τοποθετούσαν σήμανση για να ξενεκινήσουν εργασίες ασφαλτόστρωσης. Στο σημείο κλήθηκε η Πυροσβεστική Υπηρεσία προκειμένου να απεγκλωβίσει τον άνδρα, ο οποίος μεταφέρεται στο νοσοκομείο. ",True
https://www.naftemporiki.gr/society/1934740/irakleio-ergatiko-atychima-se-epicheirisi-me-marmara-traymatistike-39chroni/,Ηράκλειο: Εργατικό ατύχημα σε επιχείρηση με μάρμαρα – Τραυματίστηκε 39χρονη,2025-03-19,10:44:47,Κοινωνία,,"Εργατικό ατύχημα σημειώθηκε σε επιχείρηση με μάρμαρα, σε περιοχή του Δήμου Αρχανών-Αστερουσίων.","Όπως έγινε γνωστό, το περιστατικό σημειώθηκε χθες το μεσημέρι, όταν κάτω από αδιευκρίνιστες συνθήκες στη διάρκεια εκφόρτωσης μεγάλης επιφάνειας μαρμάρου, τραυματίστηκε η 39χρονη εργαζόμενη. Η εργαζόμενη μεταφέρθηκε άμεσα με ασθενοφόρο του ΕΚΑΒ στο νοσοκομείο, φέροντας τραύματα στα πόδια. Ο ιδιοκτήτης της επιχείρησης που επίσης τραυματίστηκε, φέρεται να ήταν αυτός που χειριζόταν το γερανοφόρο τη στιγμή του ατυχήματος. Ο 63χρονος ιδιοκτήτης συνελήφθη, ενώ η υπόθεση ερευνάται από τις αρχές. Πηγή: ΑΠΕ-ΜΠΕ ",https://www.naftemporiki.gr/wp-content/themes/naftemporiki/images/N.PNG,Συνελήφθη ο ιδιοκτήτης της επιχείρησης,"Ηράκλειο: Εργατικό ατύχημα σε επιχείρηση με μάρμαρα – Τραυματίστηκε 39χρονη Όπως έγινε γνωστό, το περιστατικό σημειώθηκε χθες το μεσημέρι, όταν κάτω από αδιευκρίνιστες συνθήκες στη διάρκεια εκφόρτωσης μεγάλης επιφάνειας μαρμάρου, τραυματίστηκε η 39χρονη εργαζόμενη. Η εργαζόμενη μεταφέρθηκε άμεσα με ασθενοφόρο του ΕΚΑΒ στο νοσοκομείο, φέροντας τραύματα στα πόδια. Ο ιδιοκτήτης της επιχείρησης που επίσης τραυματίστηκε, φέρεται να ήταν αυτός που χειριζόταν το γερανοφόρο τη στιγμή του ατυχήματος. Ο 63χρονος ιδιοκτήτης συνελήφθη, ενώ η υπόθεση ερευνάται από τις αρχές. Πηγή: ΑΠΕ-ΜΠΕ ",True
https://www.naftemporiki.gr/society/1806579/kozani-ergatiko-atychima-me-22chrono-sovara-traymatismeno/,Κοζάνη: Εργατικό ατύχημα με 22χρονο σοβαρά τραυματισμένο,2024-10-24,18:01:10,Κοινωνία,,"Εργατικό ατύχημα σημειώθηκε σήμερα στην Κοζάνη, με αποτέλεσμα ένας 22χρονος να τραυματιστεί σοβαρά.","Συγκεκριμένα, ο 22χρονος εργαζόμενος σε εργοληπτική εταιρεία εγκατάστασης φωτοβολταϊκών τραυματίστηκε σοβαρά στο πόδι από μεταλλικό αντικείμενο. Το ατύχημα συνέβη σε εργασιακό χώρο της ΔΕΗ. Ο τραυματίας μεταφέρθηκε στο Μποδοσάκειο Νοσοκομείο Πτολεμαΐδας, ενώ, σύμφωνα με τον διοικητή του νοσοκομείου, η κατάστασή του είναι ελεγχόμενη και σταθερή. Ο 22χρονος μεταφέρθηκε αρχικά, ως επείγον περιστατικό στο Νοσοκομείο, όπου οι γιατροί του παρείχαν τις πρώτες βοήθειες. Υπεβλήθη σε αξονική τον τραυματία για να αξιολογηθεί η κατάστασή του, καθώς διαπιστώθηκε βαθύ τραύμα στον μηρό από μεταλλικό αντικείμενο και αποφασίστηκε η μεταφορά του στο Νοσοκομείο Γεννηματά στην Θεσσαλονίκη για να υποβληθεί σε επέμβαση και αφαίρεση του ξένου αντικειμένου. ",https://www.naftemporiki.gr/wp-content/themes/naftemporiki/images/N.PNG,"Σύμφωνα με τον διοικητή του Μποδοσάκειου, η κατάστασή του είναι ελεγχόμενη και σταθερή","Κοζάνη: Εργατικό ατύχημα με 22χρονο σοβαρά τραυματισμένο Συγκεκριμένα, ο 22χρονος εργαζόμενος σε εργοληπτική εταιρεία εγκατάστασης φωτοβολταϊκών τραυματίστηκε σοβαρά στο πόδι από μεταλλικό αντικείμενο. Το ατύχημα συνέβη σε εργασιακό χώρο της ΔΕΗ. Ο τραυματίας μεταφέρθηκε στο Μποδοσάκειο Νοσοκομείο Πτολεμαΐδας, ενώ, σύμφωνα με τον διοικητή του νοσοκομείου, η κατάστασή του είναι ελεγχόμενη και σταθερή. Ο 22χρονος μεταφέρθηκε αρχικά, ως επείγον περιστατικό στο Νοσοκομείο, όπου οι γιατροί του παρείχαν τις πρώτες βοήθειες. Υπεβλήθη σε αξονική τον τραυματία για να αξιολογηθεί η κατάστασή του, καθώς διαπιστώθηκε βαθύ τραύμα στον μηρό από μεταλλικό αντικείμενο και αποφασίστηκε η μεταφορά του στο Νοσοκομείο Γεννηματά στην Θεσσαλονίκη για να υποβληθεί σε επέμβαση και αφαίρεση του ξένου αντικειμένου. ",True
https://www.naftemporiki.gr/culture/ekdiloseis/1797672/potha-stasi-ergasias-kai-sygkentrosi-diamartyrias-meta-to-ergatiko-atychima-stin-els/,ΠΟΘΑ: Στάση εργασίας και συγκέντρωση διαμαρτυρίας μετά το εργατικό ατύχημα στην ΕΛΣ,2024-10-16,13:08:24,Πολιτιστικά              \Εκδηλώσεις,,"Η Πανελλήνια Ομοσπονδία Θεάματος Ακροάματος (ΠΟΘΑ) καλεί στη στάση εργασίας την Πέμπτη, στη συγκέντρωση στο υπουργείο Πολιτισμού ώρα 12:00 και στην πορεία προς το υπουργείο Εργασίας, μετά το σοβαρότατο εργατικό ατύχημα τεχνικού που συνέβη στη Λυρική Σκηνή.","Σύμφωνα με την ΠΟΘΑ, ο τεχνικός έπεσε από ύψος, γεγονός που φανέρωσε την έλλειψη μέτρων προστασίας της εργασίας και τον αυξημένο βαθμό επικινδυνότητας των συγκεκριμένων επαγγελμάτων. Η ανακοίνωση των καλλιτεχνών «Το πρόσφατο σοβαρότατο εργατικό ατύχημα τεχνικού που συνέβη στη Λυρική Σκηνή (πτώση από ύψος), αποδεικνύει για ακόμα μια φορά την έλλειψη μέτρων προστασίας της εργασίας και τον αυξημένο βαθμό επικινδυνότητας των επαγγελμάτων μας. Αυτό είναι ένα ακόμα περιστατικό, στη μακρά λίστα ατυχημάτων στους χώρους πολιτισμού. Τα τελευταία χρόνια καταγράφονται συνέχεια συμβάντα σε όλους τους χώρους εργασίας, τόσο στα δημόσια θέατρα όσο και στον ιδιωτικό τομέα. Είναι αναγκαίο να προστατευτούν οι εργαζόμενοι και να καθοριστεί με σοβαρότητα ένα ολοκληρωμένο σχέδιο ασφαλούς εργασίας. Οι απαιτήσεις αυξάνονται για όλο και πιο εντυπωσιακές παραγωγές και σε συνδυασμό με τις αυξημένες τεχνικές εργασίες, οδηγούν σε εντατικοποίηση της εργασίας. Και όλα αυτά ενώ πραγματοποιούνται ταυτόχρονα πολλές παραγωγές, ενώ έχει επιβαρυνθεί η κατάσταση και από την υποστελέχωση. Η ανεπαρκής εκπαίδευση στη χρήση των Μέσων Ατομικής Προστασίας (ΜΑΠ) και των εξειδικευμένων εργαλείων οδηγεί αναπόφευκτα σε εργατικά ατυχήματα. Η συνεχιζόμενη υποβάθμιση του ΣΕΠΕ και η έλλειψη ελέγχων καθιστούν την καθημερινή εργασία επικίνδυνη. Στις περισσότερες περιπτώσεις, οι διοικήσεις, οι τεχνικοί ασφαλείας και η τεχνική διεύθυνση στους χώρους πολιτισμού δεν τηρούν τους κανόνες ασφαλούς εργασίας. Πρόκειται για ζητήματα που έχουμε αναδείξει επανειλημμένα, ενημερώνοντας τα αρμόδια υπουργεία (επιστολή 8/11/2023 και επιστολή 27/6/2024). Ζητάμε: Αυστηροποίηση του πλαισίου υγειούς και ασφαλούς εργασίας, τήρηση όλων των μέτρων προστασίας των εργαζομένων. Ορθή εφαρμογή των Μέσων Ατομικής Προστασίας. Επιμόρφωση του προσωπικού στα πρωτόκολλα ασφαλείας, με οργάνωση τακτικών και πιστοποιημένων εκπαιδευτικών προγραμμάτων. Αναγνώριση των τεχνικών επαγγελμάτων ως Επικίνδυνα και Ανθυγιεινά και άμεση θεσμοθέτηση του επιδόματος επικίνδυνης και ανθυγιεινής εργασίας. Σύναψη Συλλογικής Σύμβασης Εργασίας για όλους σε όλες τις ειδικότητες. Διανομή κατάλληλου εξοπλισμού από τον εργοδότη, σε άρτια κατάσταση σε όλο το προσωπικό. Να σταματήσει η ομηρία των εργαζομένων με τις συμβάσεις ορισμένου χρόνου. Άμεσους ελέγχους από την Επιθεώρηση Εργασίας. Εκφράζουμε την ευχή μας να πάνε όλα καλά με τον συνάδελφο και καλούμε όλους και όλες να συμμετέχουν στη στάση εργασίας την Πέμπτη 17/10 11:00- 15:00 και συγκέντρωση στο Υπουργείο Πολιτισμού ώρα 12:00. Θα ακολουθήσει πορεία στο Υπουργείο Εργασίας. ΠΑΝΕΛΛΗΝΙΑ ΟΜΟΣΠΟΝΔΙΑ ΘΕΑΜΑΤΟΣ ΑΚΡΟΑΜΑΤΟΣ
ΣΩΜΑΤΕΙΟ ΤΕΧΝΙΚΟΥ ΒΟΗΘΗΤΙΚΟΥ ΚΑΙ ΛΟΙΠΟΥ ΠΡΟΣΩΠΙΚΟΥ Ε.Λ.Σ.
ΣΩΜΑΤΕΙΟ ΕΡΓΑΖΟΜΕΝΩΝ ΕΘΝΙΚΗΣ ΛΥΡΙΚΗΣ ΣΚΗΝΗΣ
ΣΩΜΑΤΕΙΟ ΕΡΓΑΖΟΜΕΝΩΝ ΣΥΝΤΕΛΕΣΤΩΝ ΕΘΝΙΚΗΣ ΛΥΡΙΚΗΣ ΣΚΗΝΗΣ
ΈΝΩΣΗ ΛΥΡΙΚΩΝ ΠΡΩΤΑΓΩΝΙΣΤΩΝ ΕΛΛΑΔΑΣ
ΣΩΜΑΤΕΙΟ ΕΡΓΑΖΟΜΕΝΩΝ ΕΘΝΙΚΟΥ ΘΕΑΤΡΟΥ
ΣΥΛΛΟΓΟΣ ΕΡΓΑΖΟΜΕΝΩΝ ΣΤΟ Κ.Θ.Β.Ε. ΠΑΣΗΣ ΦΥΣΕΩΣ ΠΡΟΣΩΠΙΚΟΥ
ΣΩΜΑΤΕΙΟ ΕΡΓΑΖΟΜΕΝΩΝ ΟΡΓΑΝΙΣΜΟΥ ΜΕΓΑΡΟΥ ΜΟΥΣΙΚΗΣ ΑΘΗΝΩΝ
ΣΩΜΑΤΕΙΟ ΕΡΓΑΖΟΜΕΝΩΝ ΤΗΣ ΕΤΑΙΡΕΙΑΣ ΕΛΛΗΝΙΚΟ ΦΕΣΤΙΒΑΛ Α.Ε.» ",https://www.naftemporiki.gr/wp-content/themes/naftemporiki/images/N.PNG,"Συγκέντρωση έξω από το υπουργείο Πολιτισμού αύριο, Πέμπτη 17 Οκτωβρίου, στις 12 το μεσημέρι","ΠΟΘΑ: Στάση εργασίας και συγκέντρωση διαμαρτυρίας μετά το εργατικό ατύχημα στην ΕΛΣ Σύμφωνα με την ΠΟΘΑ, ο τεχνικός έπεσε από ύψος, γεγονός που φανέρωσε την έλλειψη μέτρων προστασίας της εργασίας και τον αυξημένο βαθμό επικινδυνότητας των συγκεκριμένων επαγγελμάτων. Η ανακοίνωση των καλλιτεχνών «Το πρόσφατο σοβαρότατο εργατικό ατύχημα τεχνικού που συνέβη στη Λυρική Σκηνή (πτώση από ύψος), αποδεικνύει για ακόμα μια φορά την έλλειψη μέτρων προστασίας της εργασίας και τον αυξημένο βαθμό επικινδυνότητας των επαγγελμάτων μας. Αυτό είναι ένα ακόμα περιστατικό, στη μακρά λίστα ατυχημάτων στους χώρους πολιτισμού. Τα τελευταία χρόνια καταγράφονται συνέχεια συμβάντα σε όλους τους χώρους εργασίας, τόσο στα δημόσια θέατρα όσο και στον ιδιωτικό τομέα. Είναι αναγκαίο να προστατευτούν οι εργαζόμενοι και να καθοριστεί με σοβαρότητα ένα ολοκληρωμένο σχέδιο ασφαλούς εργασίας. Οι απαιτήσεις αυξάνονται για όλο και πιο εντυπωσιακές παραγωγές και σε συνδυασμό με τις αυξημένες τεχνικές εργασίες, οδηγούν σε εντατικοποίηση της εργασίας. Και όλα αυτά ενώ πραγματοποιούνται ταυτόχρονα πολλές παραγωγές, ενώ έχει επιβαρυνθεί η κατάσταση και από την υποστελέχωση. Η ανεπαρκής εκπαίδευση στη χρήση των Μέσων Ατομικής Προστασίας (ΜΑΠ) και των εξειδικευμένων εργαλείων οδηγεί αναπόφευκτα σε εργατικά ατυχήματα. Η συνεχιζόμενη υποβάθμιση του ΣΕΠΕ και η έλλειψη ελέγχων καθιστούν την καθημερινή εργασία επικίνδυνη. Στις περισσότερες περιπτώσεις, οι διοικήσεις, οι τεχνικοί ασφαλείας και η τεχνική διεύθυνση στους χώρους πολιτισμού δεν τηρούν τους κανόνες ασφαλούς εργασίας. Πρόκειται για ζητήματα που έχουμε αναδείξει επανειλημμένα, ενημερώνοντας τα αρμόδια υπουργεία (επιστολή 8/11/2023 και επιστολή 27/6/2024). Ζητάμε: Αυστηροποίηση του πλαισίου υγειούς και ασφαλούς εργασίας, τήρηση όλων των μέτρων προστασίας των εργαζομένων. Ορθή εφαρμογή των Μέσων Ατομικής Προστασίας. Επιμόρφωση του προσωπικού στα πρωτόκολλα ασφαλείας, με οργάνωση τακτικών και πιστοποιημένων εκπαιδευτικών προγραμμάτων. Αναγνώριση των τεχνικών επαγγελμάτων ως Επικίνδυνα και Ανθυγιεινά και άμεση θεσμοθέτηση του επιδόματος επικίνδυνης και ανθυγιεινής εργασίας. Σύναψη Συλλογικής Σύμβασης Εργασίας για όλους σε όλες τις ειδικότητες. Διανομή κατάλληλου εξοπλισμού από τον εργοδότη, σε άρτια κατάσταση σε όλο το προσωπικό. Να σταματήσει η ομηρία των εργαζομένων με τις συμβάσεις ορισμένου χρόνου. Άμεσους ελέγχους από την Επιθεώρηση Εργασίας. Εκφράζουμε την ευχή μας να πάνε όλα καλά με τον συνάδελφο και καλούμε όλους και όλες να συμμετέχουν στη στάση εργασίας την Πέμπτη 17/10 11:00- 15:00 και συγκέντρωση στο Υπουργείο Πολιτισμού ώρα 12:00. Θα ακολουθήσει πορεία στο Υπουργείο Εργασίας. ΠΑΝΕΛΛΗΝΙΑ ΟΜΟΣΠΟΝΔΙΑ ΘΕΑΜΑΤΟΣ ΑΚΡΟΑΜΑΤΟΣ
ΣΩΜΑΤΕΙΟ ΤΕΧΝΙΚΟΥ ΒΟΗΘΗΤΙΚΟΥ ΚΑΙ ΛΟΙΠΟΥ ΠΡΟΣΩΠΙΚΟΥ Ε.Λ.Σ.
ΣΩΜΑΤΕΙΟ ΕΡΓΑΖΟΜΕΝΩΝ ΕΘΝΙΚΗΣ ΛΥΡΙΚΗΣ ΣΚΗΝΗΣ
ΣΩΜΑΤΕΙΟ ΕΡΓΑΖΟΜΕΝΩΝ ΣΥΝΤΕΛΕΣΤΩΝ ΕΘΝΙΚΗΣ ΛΥΡΙΚΗΣ ΣΚΗΝΗΣ
ΈΝΩΣΗ ΛΥΡΙΚΩΝ ΠΡΩΤΑΓΩΝΙΣΤΩΝ ΕΛΛΑΔΑΣ
ΣΩΜΑΤΕΙΟ ΕΡΓΑΖΟΜΕΝΩΝ ΕΘΝΙΚΟΥ ΘΕΑΤΡΟΥ
ΣΥΛΛΟΓΟΣ ΕΡΓΑΖΟΜΕΝΩΝ ΣΤΟ Κ.Θ.Β.Ε. ΠΑΣΗΣ ΦΥΣΕΩΣ ΠΡΟΣΩΠΙΚΟΥ
ΣΩΜΑΤΕΙΟ ΕΡΓΑΖΟΜΕΝΩΝ ΟΡΓΑΝΙΣΜΟΥ ΜΕΓΑΡΟΥ ΜΟΥΣΙΚΗΣ ΑΘΗΝΩΝ
ΣΩΜΑΤΕΙΟ ΕΡΓΑΖΟΜΕΝΩΝ ΤΗΣ ΕΤΑΙΡΕΙΑΣ ΕΛΛΗΝΙΚΟ ΦΕΣΤΙΒΑΛ Α.Ε.» ",True
https://www.naftemporiki.gr/society/1746755/gsee-neo-ergatiko-atychima-sto-limani-toy-peiraia/,ΓΣΕΕ: Νέο εργατικό ατύχημα στο λιμάνι του Πειραιά,2024-08-22,15:15:40,Κοινωνία,,"«Ένας ακόμα εργαζόμενος, αυτή τη φορά στο λιμάνι του Πειραιά, τραυματίστηκε σοβαρά εν ώρα εργασίας και κινδυνεύει να χάσει το πόδι του, ενώ ακόμη δεν έχει γίνει γνωστή η συνολική κατάσταση της υγείας του», καταγγέλλει η Γενική Συνομοσπονδία Εργατών Ελλάδας (ΓΣΕΕ), κρούοντας τον κώδωνα του κινδύνου για τα εργατικά ατυχήματα στη χώρα μας,","Όπως επισημαίνει η Συνομοσπονδία σε ανακοίνωσή της, «είναι πλέον εμφανές ότι η έλλειψη μέτρων ασφαλείας έχει τραγικά αποτελέσματα για τους εργαζόμενους. Δεν είναι τυχαίο ότι τόσο η ΟΜΥΛΕ, όσο και πρωτοβάθμιες οργανώσεις μέλη της, είχαν προειδοποιήσει τη διοίκηση της εργοδότριας εταιρίας, ζητώντας εγκαίρως τη λήψη κατάλληλων μέτρων πρόληψης. Σε μια περίοδο που η εύρεση εργασίας είναι δύσκολη υπόθεση και ο εργαζόμενος εντατικοποιεί τη δουλειά του, πολλές φορές χωρίς τις κατάλληλες προϋποθέσεις, οι πολλοί και ουσιαστικοί έλεγχοι στους χώρους δουλειάς, με σκοπό την πρόληψη των εργατικών ατυχημάτων, επιβάλλονται, όσο ποτέ άλλοτε». Στο πλαίσιο αυτό, η ΓΣΕΕ ζητά την άμεση παρέμβαση των αρμόδιων Αρχών και την απόδοση ευθυνών, όπου αυτές αναλογούν. «Είναι απαίτησή μας τόσο το Υπουργείο Εργασίας, όσο και το ΣΕΠΕ, να κατανοήσουν επιτέλους ότι κανείς δεν πρέπει να παίζει με τις ζωές όσων παλεύουν για το μεροκάματο» τονίζει η Συνομοσπονδία. ",https://www.naftemporiki.gr/wp-content/themes/naftemporiki/images/N.PNG,"Η Συνομοσπονδία ζητά την άμεση παρέμβαση των αρμόδιων Αρχών και την απόδοση ευθυνών, όπου αυτές αναλογούν","ΓΣΕΕ: Νέο εργατικό ατύχημα στο λιμάνι του Πειραιά Όπως επισημαίνει η Συνομοσπονδία σε ανακοίνωσή της, «είναι πλέον εμφανές ότι η έλλειψη μέτρων ασφαλείας έχει τραγικά αποτελέσματα για τους εργαζόμενους. Δεν είναι τυχαίο ότι τόσο η ΟΜΥΛΕ, όσο και πρωτοβάθμιες οργανώσεις μέλη της, είχαν προειδοποιήσει τη διοίκηση της εργοδότριας εταιρίας, ζητώντας εγκαίρως τη λήψη κατάλληλων μέτρων πρόληψης. Σε μια περίοδο που η εύρεση εργασίας είναι δύσκολη υπόθεση και ο εργαζόμενος εντατικοποιεί τη δουλειά του, πολλές φορές χωρίς τις κατάλληλες προϋποθέσεις, οι πολλοί και ουσιαστικοί έλεγχοι στους χώρους δουλειάς, με σκοπό την πρόληψη των εργατικών ατυχημάτων, επιβάλλονται, όσο ποτέ άλλοτε». Στο πλαίσιο αυτό, η ΓΣΕΕ ζητά την άμεση παρέμβαση των αρμόδιων Αρχών και την απόδοση ευθυνών, όπου αυτές αναλογούν. «Είναι απαίτησή μας τόσο το Υπουργείο Εργασίας, όσο και το ΣΕΠΕ, να κατανοήσουν επιτέλους ότι κανείς δεν πρέπει να παίζει με τις ζωές όσων παλεύουν για το μεροκάματο» τονίζει η Συνομοσπονδία. ",True
https://www.naftemporiki.gr/maritime/1746639/limani-peiraia-traymatistike-ergazomenos-apo-ptosi-antikeimenoy-apo-anypsotiko-ochima/,Εργατικό ατύχημα στο Λιμάνι Πειραιά: Έπεσε πάνω σε εργαζόμενο αντικείμενο από ανυψωτικό όχημα,2024-08-22,13:23:30,Ναυτιλία,,"Την πιστή εφαρμογή των κανόνων Υγείας και Ασφάλειας από τη διοίκηση της ΟΛΠ, ζητούν με κοινή τους ανακοίνωσή του τα συνδικαλιστικά σωματεία των εργαζομένων μετά τον τραυματισμό ενός εργαζόμενου στο πόδι που προκλήθηκε από πτώση αντικειμένου από περαναφόρο ανυψωτικό όχημα (κλάρκ) στην προβλήτα Γ 2 στο Κερατσίνι.","Σύμφωνα με το υπουργείο Ναυτιλίας ο τραυματίας έχει μεταφερθεί με ασθενοφόρο όχημα της ΟΛΠ σε ιδιωτικό νοσοκομείο. Η Ομοσπονδία Υπαλλήλων Λιμανιών Ελλάδας ΟΜΥΛΕ η Ενωση Τεχνικών Χειριστών Υπαλλήλων της ΟΛΠ και η Ένωση Μονίμων Υπαλλήλων της ΟΛΠ στην κοινή ανακοίνωσή τους αναφέρουν ότι έχουν απαιτήσει από τη διοίκηση την παροχή στους εργαζόμενους των μέσων ατομικής προστασίας που είναι απαραίτητα από τη φύση της εργασίας μας, αλλά και από την Εργατική Νομοθεσία. Επίσης ζητούν  την πλήρη κάλυψη των αναγκαίων θέσεων εργασίας, ώστε η καταπόνηση των εργαζομένων να μην προκαλεί τέτοιου είδους ατυχήματα. «Πιστεύουμε ότι οι επισημάνσεις μας αυτές, έπρεπε να είχαν γίνει σεβαστές από τους Διοικούντες την Εταιρεία και να έχουν παρθεί εγκαίρως τα μέτρα που προτείναμε, ώστε να αποφεύγονται τέτοιου είδους γεγονότα που σημαδεύουν τη ζωή των συναδέλφων μας. Θεωρούμε τη Διοίκηση καθ’ όλα υπεύθυνη για το σημερινό συμβάν, όπου ο συνάδελφός μας κινδυνεύει να χάσει το πόδι του, καθώς ούτε και μετά την τελευταία επιστολή μας δεν έγινε κάτι, όσον αφορά τα ζητήματα που σας θέσαμε», αναφέρεται στην κοινή ανακοίνωση. Προσθέτουν επίσης ότι οι εργαζόμενοι σε κάθε περίπτωση είναι αποφασισμένοι να συνεχίσουν να διεκδικούν άμεσα μέτρα τα οποία θα διεκδικήσουν με κάθε μέσο. ",https://www.naftemporiki.gr/wp-content/themes/naftemporiki/images/N.PNG,Ο τραυματίας έχει μεταφερθεί με ασθενοφόρο όχημα της ΟΛΠ σε ιδιωτικό νοσοκομείο,"Εργατικό ατύχημα στο Λιμάνι Πειραιά: Έπεσε πάνω σε εργαζόμενο αντικείμενο από ανυψωτικό όχημα Σύμφωνα με το υπουργείο Ναυτιλίας ο τραυματίας έχει μεταφερθεί με ασθενοφόρο όχημα της ΟΛΠ σε ιδιωτικό νοσοκομείο. Η Ομοσπονδία Υπαλλήλων Λιμανιών Ελλάδας ΟΜΥΛΕ η Ενωση Τεχνικών Χειριστών Υπαλλήλων της ΟΛΠ και η Ένωση Μονίμων Υπαλλήλων της ΟΛΠ στην κοινή ανακοίνωσή τους αναφέρουν ότι έχουν απαιτήσει από τη διοίκηση την παροχή στους εργαζόμενους των μέσων ατομικής προστασίας που είναι απαραίτητα από τη φύση της εργασίας μας, αλλά και από την Εργατική Νομοθεσία. Επίσης ζητούν  την πλήρη κάλυψη των αναγκαίων θέσεων εργασίας, ώστε η καταπόνηση των εργαζομένων να μην προκαλεί τέτοιου είδους ατυχήματα. «Πιστεύουμε ότι οι επισημάνσεις μας αυτές, έπρεπε να είχαν γίνει σεβαστές από τους Διοικούντες την Εταιρεία και να έχουν παρθεί εγκαίρως τα μέτρα που προτείναμε, ώστε να αποφεύγονται τέτοιου είδους γεγονότα που σημαδεύουν τη ζωή των συναδέλφων μας. Θεωρούμε τη Διοίκηση καθ’ όλα υπεύθυνη για το σημερινό συμβάν, όπου ο συνάδελφός μας κινδυνεύει να χάσει το πόδι του, καθώς ούτε και μετά την τελευταία επιστολή μας δεν έγινε κάτι, όσον αφορά τα ζητήματα που σας θέσαμε», αναφέρεται στην κοινή ανακοίνωση. Προσθέτουν επίσης ότι οι εργαζόμενοι σε κάθε περίπτωση είναι αποφασισμένοι να συνεχίσουν να διεκδικούν άμεσα μέτρα τα οποία θα διεκδικήσουν με κάθε μέσο. ",True
https://www.naftemporiki.gr/society/1634672/pilio-ergatiko-atychima-me-ergazomeni-stin-kathariotita/,Πήλιο: Εργατικό ατύχημα με εργαζόμενη στην καθαριότητα,2024-04-08,11:55:29,Κοινωνία,,,"Eργατικό ατύχημα υπέστη εργαζόμενη, συνοδός απορριμματοφόρου, και μητέρα 4 παιδιών κατά τη διάρκεια της βάρδιας της, με συνέπεια να φέρει κάταγμα στο χέρι της. Σύμφωνα με την ανακοίνωση της ΔΑΣ ΟΤΑ, την  περασμένη Πέμπτη 4 Απριλίου, η γυναίκα, 8μηνίτισσα, πολύτεκνη μητέρα 4 παιδιών, εργαζόμενη στην Δημοτική Ενότητα Πορταριάς ως συνοδός απορριμματοφόρου, τραυματίστηκε σοβαρά με κάταγμα στο χέρι. Το εργατικό ατύχημα συνέβη όταν το χέρι της μπλέχτηκε στον κάδο του απορριμματοφόρου στο πρωινό δρομολόγιο Κουκουράβα-Μακρινίτσα πριν την πλατεία του χωριού. Η εργαζόμενη μεταφέρθηκε στο Νοσοκομείο και αναρρώνει. «Δεν φταίει “η κακιά η ώρα” για τα συνεχιζόμενα εργατικά ατυχήματα που βάζουν καθημερινά τις ζωές μας σε κίνδυνο. Πρόκειται κυριολεκτικά για εγκλήματα. Όλα τα τελευταία χρόνια είναι αλλεπάλληλες οι καταγγελίες που έχουμε κάνει ως ΔΑΣ-ΟΤΑ Μαγνησίας για τις τεράστιες ελλείψεις στη λήψη όλων των αναγκαίων μέτρων Υγείας & Ασφάλειας, ειδικά στις Υπηρεσίες Καθαριότητας του Δήμου Βόλου και των Δημοτικών Ενοτήτων. Μη χορήγηση των αναγκαίων Μέσων Ατομικής Προστασίας, παλαιωμένος τεχνικός εξοπλισμός που οδηγεί σε εύκολα ατυχήματα, παντελής έλλειψη εκπαίδευσης. Πηγαίνουμε για μεροκάματο και δεν ξέρουμε αν θα γυρίσουμε ζωντανοί ή αρτιμελείς. Οι συνάδελφοι μας συμβασιούχοι, θύματα του συνεχιζόμενου εμπαιγμού και της πολιτικής ομηρείας, είναι ακόμα πιο ευάλωτοι σε αυτές τις ελλείψεις. Η ΔΑΣ-ΟΤΑ Μαγνησίας εκφράζει τις ευχές της στην συναδέλφισσα μας για γρήγορη ανάρρωση. Απαιτούμε από την Επιθεώρηση Υγείας & Ασφάλειας Μαγνησίας την πλήρη διαλεύκανση των συνθηκών του εργατικού ατυχήματος και την επιβολή στην Δημοτική Αρχή της λήψης των απαραίτητων μέτρων για να μην επαναληφθούν παρόμοια εγκλήματα. Να παρθούν τώρα όλα τα αναγκαία μέτρα, με αποκλειστική ευθύνη της Δημοτικής Αρχής, ώστε ο εξοπλισμός στις Υπηρεσίες Καθαριότητας να βρίσκεται σε άριστη λειτουργική κατάσταση, να εφαρμόζονται όλες οι προβλεπόμενες από το νόμο διαδικασίες για την ασφαλή εκτέλεση των εργασιών, να δίνονται έγκαιρα και σε επαρκή ποσότητα όλα τα αναγκαία ΜΑΠ», τονίζεται χαρακτηριστικά στην ανακοίνωση. ",https://www.naftemporiki.gr/wp-content/themes/naftemporiki/images/N.PNG,"Έσπασε το χέρι της, το οποίο μπλέχτηκε στον κάδο απορριμματοφόρου","Πήλιο: Εργατικό ατύχημα με εργαζόμενη στην καθαριότητα Eργατικό ατύχημα υπέστη εργαζόμενη, συνοδός απορριμματοφόρου, και μητέρα 4 παιδιών κατά τη διάρκεια της βάρδιας της, με συνέπεια να φέρει κάταγμα στο χέρι της. Σύμφωνα με την ανακοίνωση της ΔΑΣ ΟΤΑ, την  περασμένη Πέμπτη 4 Απριλίου, η γυναίκα, 8μηνίτισσα, πολύτεκνη μητέρα 4 παιδιών, εργαζόμενη στην Δημοτική Ενότητα Πορταριάς ως συνοδός απορριμματοφόρου, τραυματίστηκε σοβαρά με κάταγμα στο χέρι. Το εργατικό ατύχημα συνέβη όταν το χέρι της μπλέχτηκε στον κάδο του απορριμματοφόρου στο πρωινό δρομολόγιο Κουκουράβα-Μακρινίτσα πριν την πλατεία του χωριού. Η εργαζόμενη μεταφέρθηκε στο Νοσοκομείο και αναρρώνει. «Δεν φταίει “η κακιά η ώρα” για τα συνεχιζόμενα εργατικά ατυχήματα που βάζουν καθημερινά τις ζωές μας σε κίνδυνο. Πρόκειται κυριολεκτικά για εγκλήματα. Όλα τα τελευταία χρόνια είναι αλλεπάλληλες οι καταγγελίες που έχουμε κάνει ως ΔΑΣ-ΟΤΑ Μαγνησίας για τις τεράστιες ελλείψεις στη λήψη όλων των αναγκαίων μέτρων Υγείας & Ασφάλειας, ειδικά στις Υπηρεσίες Καθαριότητας του Δήμου Βόλου και των Δημοτικών Ενοτήτων. Μη χορήγηση των αναγκαίων Μέσων Ατομικής Προστασίας, παλαιωμένος τεχνικός εξοπλισμός που οδηγεί σε εύκολα ατυχήματα, παντελής έλλειψη εκπαίδευσης. Πηγαίνουμε για μεροκάματο και δεν ξέρουμε αν θα γυρίσουμε ζωντανοί ή αρτιμελείς. Οι συνάδελφοι μας συμβασιούχοι, θύματα του συνεχιζόμενου εμπαιγμού και της πολιτικής ομηρείας, είναι ακόμα πιο ευάλωτοι σε αυτές τις ελλείψεις. Η ΔΑΣ-ΟΤΑ Μαγνησίας εκφράζει τις ευχές της στην συναδέλφισσα μας για γρήγορη ανάρρωση. Απαιτούμε από την Επιθεώρηση Υγείας & Ασφάλειας Μαγνησίας την πλήρη διαλεύκανση των συνθηκών του εργατικού ατυχήματος και την επιβολή στην Δημοτική Αρχή της λήψης των απαραίτητων μέτρων για να μην επαναληφθούν παρόμοια εγκλήματα. Να παρθούν τώρα όλα τα αναγκαία μέτρα, με αποκλειστική ευθύνη της Δημοτικής Αρχής, ώστε ο εξοπλισμός στις Υπηρεσίες Καθαριότητας να βρίσκεται σε άριστη λειτουργική κατάσταση, να εφαρμόζονται όλες οι προβλεπόμενες από το νόμο διαδικασίες για την ασφαλή εκτέλεση των εργασιών, να δίνονται έγκαιρα και σε επαρκή ποσότητα όλα τα αναγκαία ΜΑΠ», τονίζεται χαρακτηριστικά στην ανακοίνωση. ",True
https://www.naftemporiki.gr/stories/1576297/i-proti-symfonia-apozimiosis-gia-ergatiko-atychima-syntachthike-apo-peirati/,Η πρώτη συμφωνία αποζημίωσης για εργατικό ατύχημα συντάχθηκε από πειρατή,2024-01-26,06:00:46,Stories,,,"Το ημερολόγιο γράφει 26 Ιανουαρίου 1695 όταν συντάσσεται η πρώτη συμφωνία αποζημίωσης για εργατικό ατύχημα. Εμπνευστής της ειδικής αυτής εργασιακής σύμβασης είναι ένας… πειρατής. Πρόκειται για τον κάπτεν Γουίλιαμ Κιντ από τη Σκωτία, ο οποίος είχε δραστηριότητες σε Λονδίνο και Νέα Υόρκη. Η σύμβαση εργασίας, που υπεγράφη λοιπόν σαν σήμερα, αφορά όσους προσλαμβάνει να εργαστούν στο Adventure Galley, ένα   υβριδικό πλοίο, που συνδύαζε τετράγωνα αρματωμένα πανιά με κουπιά για να δώσει δυνατότητα ελιγμών τόσο σε συνθήκες ισχυρών ανέμων όσο και σε νηνεμία. Οι όροι έχουν ως εξής: Το ¼ της λείας θα μοιραστεί στο πλήρωμα. Επιπλέον «εάν ένας άνδρας χάσει ένα πόδι ή χέρι κατά την υπηρεσία του, θα λάβει έξι εκατοντάδες Κομμάτια των Οχτώ (ρεάλ), όπως ήταν γνωστά τα δολάρια Ισπανίας. Οι άγνωστοι θησαυροί μετέτρεψαν τον Γουίλιαμ Κιντ σε θρύλο.  Ακόμη και σήμερα κυνηγοί χρυσού ψάχνουν για τον θησαυρό του αλλά μάταια. Υπήρχαν φήμες ότι βρέθηκε θησαυρός του στην Μαγαδασκάση αλλά ως τώρα δεν έχει αποδειχθεί. Ο Ουϊλιαμ Κιντ πέθανε στις 18 Μαίου 1701 στο Γουάπινγκ του Λονδίνου σε ηλικία περίπου 50 ετών. Καταδικάστηκε σε θάνατο δια απαγχονισμού και το πτώμα του αφέθηκε σε δημόσια θέα στο Τίλμπουρι, δίπλα στον ποταμό Τάμεση. Η κίνηση αυτή ήταν για να είναι ορατός ο θάνατος του σε διερχόμενα πλοία ώστε να αποθαρρυνθούν από το να καταλήξουν πειρατές. Αξιοσημείωτο γεγονός είναι ότι ο Κιντ ως το τέλος δεν φάνηκε να παραδέχεται κάποια από τις κατηγορίες που του είχαν προσάψει. Λίγο πριν εκτελεστεί δήλωσε ότι πραγματικά συγχώρεσε όλο τον κόσμο. ",https://www.naftemporiki.gr/wp-content/themes/naftemporiki/images/N.PNG,"Η ιστορία του θρυλικού Γουίλιαμ Κιντ - Σαν σήμερα συνέταξε την πρώτη συμφωνία, που προέβλεπε αποζημίωση για ατύχημα εν ώρα εργασίας","Η πρώτη συμφωνία αποζημίωσης για εργατικό ατύχημα συντάχθηκε από πειρατή Το ημερολόγιο γράφει 26 Ιανουαρίου 1695 όταν συντάσσεται η πρώτη συμφωνία αποζημίωσης για εργατικό ατύχημα. Εμπνευστής της ειδικής αυτής εργασιακής σύμβασης είναι ένας… πειρατής. Πρόκειται για τον κάπτεν Γουίλιαμ Κιντ από τη Σκωτία, ο οποίος είχε δραστηριότητες σε Λονδίνο και Νέα Υόρκη. Η σύμβαση εργασίας, που υπεγράφη λοιπόν σαν σήμερα, αφορά όσους προσλαμβάνει να εργαστούν στο Adventure Galley, ένα   υβριδικό πλοίο, που συνδύαζε τετράγωνα αρματωμένα πανιά με κουπιά για να δώσει δυνατότητα ελιγμών τόσο σε συνθήκες ισχυρών ανέμων όσο και σε νηνεμία. Οι όροι έχουν ως εξής: Το ¼ της λείας θα μοιραστεί στο πλήρωμα. Επιπλέον «εάν ένας άνδρας χάσει ένα πόδι ή χέρι κατά την υπηρεσία του, θα λάβει έξι εκατοντάδες Κομμάτια των Οχτώ (ρεάλ), όπως ήταν γνωστά τα δολάρια Ισπανίας. Οι άγνωστοι θησαυροί μετέτρεψαν τον Γουίλιαμ Κιντ σε θρύλο.  Ακόμη και σήμερα κυνηγοί χρυσού ψάχνουν για τον θησαυρό του αλλά μάταια. Υπήρχαν φήμες ότι βρέθηκε θησαυρός του στην Μαγαδασκάση αλλά ως τώρα δεν έχει αποδειχθεί. Ο Ουϊλιαμ Κιντ πέθανε στις 18 Μαίου 1701 στο Γουάπινγκ του Λονδίνου σε ηλικία περίπου 50 ετών. Καταδικάστηκε σε θάνατο δια απαγχονισμού και το πτώμα του αφέθηκε σε δημόσια θέα στο Τίλμπουρι, δίπλα στον ποταμό Τάμεση. Η κίνηση αυτή ήταν για να είναι ορατός ο θάνατος του σε διερχόμενα πλοία ώστε να αποθαρρυνθούν από το να καταλήξουν πειρατές. Αξιοσημείωτο γεγονός είναι ότι ο Κιντ ως το τέλος δεν φάνηκε να παραδέχεται κάποια από τις κατηγορίες που του είχαν προσάψει. Λίγο πριν εκτελεστεί δήλωσε ότι πραγματικά συγχώρεσε όλο τον κόσμο. ",True
https://www.naftemporiki.gr/society/1377742/jumbo-gia-ergatiko-atychima-stis-8-10-h-dioikisi-tha-symvallei-stin-tacheia-anarrosi-ton-ergazomenon/,Jumbo για εργατικό ατύχημα στις 8/10: «H Διοίκηση θα συμβάλλει στην ταχεία ανάρρωση των εργαζομένων»,2022-10-09,16:22:00,Κοινωνία,,Η ανακοίνωση της εταιρείας,"Για το χθεσινό εργατικό ατύχημα στο κατάστημα Jumbo του Παγκρατίου, όπου τρεις εργαζόμενοι  τραυματίστηκαν κατά την εκτέλεση εργασιών σε αποθηκευτικούς χώρους του  καταστήματος, εξέδωσε ανακοίνωση η εταιρεία, αναφέροντας εκτός άλλων ότι «η Διοίκηση θα συμβάλλει με όλους τους  τρόπους, σε αυτή τη δύσκολη στιγμή, για την ταχεία ανάρρωσή τους». Τονίζει επίσης ότι για τις συνθήκες του ατυχήματος, διενεργείται πλήρης έρευνα. Σημειώνεται ότι σύμφωνα με την Πυροσβεστική τρεις άνδρες, ηλικίας 30-40 ετών, απεγκλωβίστηκαν τραυματισμένοι από ανελκυστήρα επαγγελματικού χώρου και στη συνέχεια παρελήφθησαν από το ΕΚΑΒ και μεταφέρθηκαν στο νοσοκομείο. Στο σημείο επιχείρησαν 10 πυροσβέστες με τρία οχήματα. To Σάββατο 8 Οκτωβρίου, περί τις 12:00μμ, στο κατάστημα του  Παγκρατίου, συντελέστηκε ένα σοβαρό ατύχημα. Τρείς εργαζόμενοι  τραυματίστηκαν κατά την εκτέλεση εργασιών σε αποθηκευτικούς χώρους του  καταστήματος. Κινητοποιήθηκαν άμεσα όλοι οι συνάδελφοι του καταστήματος, παρασχέθηκαν  οι πρώτες βοήθειες και οι τραυματίες μεταφέρθηκαν στο ΚΑΤ και στο Λαϊκό  Νοσοκομείο. Εκπρόσωποι της εταιρείας βρίσκονται από την πρώτη στιγμή στο πλευρό των  εργαζομένων και των οικογενειών τους. Η Διοίκηση θα συμβάλλει με όλους τους  τρόπους, σε αυτή τη δύσκολη στιγμή, για την ταχεία ανάρρωσή τους.  Διενεργείται πλήρης έρευνα για να προσδιοριστούν τα αίτια και οι συνθήκες του  ατυχήματος και στο πλαίσιο αυτό θα υπάρξουν νεότερες ανακοινώσεις. ",https://www.naftemporiki.gr/wp-content/themes/naftemporiki/images/N.PNG,,"Jumbo για εργατικό ατύχημα στις 8/10: «H Διοίκηση θα συμβάλλει στην ταχεία ανάρρωση των εργαζομένων» Για το χθεσινό εργατικό ατύχημα στο κατάστημα Jumbo του Παγκρατίου, όπου τρεις εργαζόμενοι  τραυματίστηκαν κατά την εκτέλεση εργασιών σε αποθηκευτικούς χώρους του  καταστήματος, εξέδωσε ανακοίνωση η εταιρεία, αναφέροντας εκτός άλλων ότι «η Διοίκηση θα συμβάλλει με όλους τους  τρόπους, σε αυτή τη δύσκολη στιγμή, για την ταχεία ανάρρωσή τους». Τονίζει επίσης ότι για τις συνθήκες του ατυχήματος, διενεργείται πλήρης έρευνα. Σημειώνεται ότι σύμφωνα με την Πυροσβεστική τρεις άνδρες, ηλικίας 30-40 ετών, απεγκλωβίστηκαν τραυματισμένοι από ανελκυστήρα επαγγελματικού χώρου και στη συνέχεια παρελήφθησαν από το ΕΚΑΒ και μεταφέρθηκαν στο νοσοκομείο. Στο σημείο επιχείρησαν 10 πυροσβέστες με τρία οχήματα. To Σάββατο 8 Οκτωβρίου, περί τις 12:00μμ, στο κατάστημα του  Παγκρατίου, συντελέστηκε ένα σοβαρό ατύχημα. Τρείς εργαζόμενοι  τραυματίστηκαν κατά την εκτέλεση εργασιών σε αποθηκευτικούς χώρους του  καταστήματος. Κινητοποιήθηκαν άμεσα όλοι οι συνάδελφοι του καταστήματος, παρασχέθηκαν  οι πρώτες βοήθειες και οι τραυματίες μεταφέρθηκαν στο ΚΑΤ και στο Λαϊκό  Νοσοκομείο. Εκπρόσωποι της εταιρείας βρίσκονται από την πρώτη στιγμή στο πλευρό των  εργαζομένων και των οικογενειών τους. Η Διοίκηση θα συμβάλλει με όλους τους  τρόπους, σε αυτή τη δύσκολη στιγμή, για την ταχεία ανάρρωσή τους.  Διενεργείται πλήρης έρευνα για να προσδιοριστούν τα αίτια και οι συνθήκες του  ατυχήματος και στο πλαίσιο αυτό θα υπάρξουν νεότερες ανακοινώσεις. ",True
https://www.naftemporiki.gr/society/1389229/jumbo-gia-ergatiko-atychima-stis-8-10-h-dioikisi-tha-symvallei-stin-tacheia-anarrosi-ton-ergazomenon-2/,Jumbo για εργατικό ατύχημα στις 8/10: «H Διοίκηση θα συμβάλλει στην ταχεία ανάρρωση των εργαζομένων»,2022-10-09,16:22:00,Κοινωνία,,Η ανακοίνωση της εταιρείας,"Για το χθεσινό εργατικό ατύχημα στο κατάστημα Jumbo του Παγκρατίου, όπου τρεις εργαζόμενοι  τραυματίστηκαν κατά την εκτέλεση εργασιών σε αποθηκευτικούς χώρους του  καταστήματος, εξέδωσε ανακοίνωση η εταιρεία, αναφέροντας εκτός άλλων ότι «η Διοίκηση θα συμβάλλει με όλους τους  τρόπους, σε αυτή τη δύσκολη στιγμή, για την ταχεία ανάρρωσή τους». Τονίζει επίσης ότι για τις συνθήκες του ατυχήματος, διενεργείται πλήρης έρευνα. Σημειώνεται ότι σύμφωνα με την Πυροσβεστική τρεις άνδρες, ηλικίας 30-40 ετών, απεγκλωβίστηκαν τραυματισμένοι από ανελκυστήρα επαγγελματικού χώρου και στη συνέχεια παρελήφθησαν από το ΕΚΑΒ και μεταφέρθηκαν στο νοσοκομείο. Στο σημείο επιχείρησαν 10 πυροσβέστες με τρία οχήματα. To Σάββατο 8 Οκτωβρίου, περί τις 12:00μμ, στο κατάστημα του  Παγκρατίου, συντελέστηκε ένα σοβαρό ατύχημα. Τρείς εργαζόμενοι  τραυματίστηκαν κατά την εκτέλεση εργασιών σε αποθηκευτικούς χώρους του  καταστήματος. Κινητοποιήθηκαν άμεσα όλοι οι συνάδελφοι του καταστήματος, παρασχέθηκαν  οι πρώτες βοήθειες και οι τραυματίες μεταφέρθηκαν στο ΚΑΤ και στο Λαϊκό  Νοσοκομείο. Εκπρόσωποι της εταιρείας βρίσκονται από την πρώτη στιγμή στο πλευρό των  εργαζομένων και των οικογενειών τους. Η Διοίκηση θα συμβάλλει με όλους τους  τρόπους, σε αυτή τη δύσκολη στιγμή, για την ταχεία ανάρρωσή τους.  Διενεργείται πλήρης έρευνα για να προσδιοριστούν τα αίτια και οι συνθήκες του  ατυχήματος και στο πλαίσιο αυτό θα υπάρξουν νεότερες ανακοινώσεις. ",https://www.naftemporiki.gr/wp-content/themes/naftemporiki/images/N.PNG,,"Jumbo για εργατικό ατύχημα στις 8/10: «H Διοίκηση θα συμβάλλει στην ταχεία ανάρρωση των εργαζομένων» Για το χθεσινό εργατικό ατύχημα στο κατάστημα Jumbo του Παγκρατίου, όπου τρεις εργαζόμενοι  τραυματίστηκαν κατά την εκτέλεση εργασιών σε αποθηκευτικούς χώρους του  καταστήματος, εξέδωσε ανακοίνωση η εταιρεία, αναφέροντας εκτός άλλων ότι «η Διοίκηση θα συμβάλλει με όλους τους  τρόπους, σε αυτή τη δύσκολη στιγμή, για την ταχεία ανάρρωσή τους». Τονίζει επίσης ότι για τις συνθήκες του ατυχήματος, διενεργείται πλήρης έρευνα. Σημειώνεται ότι σύμφωνα με την Πυροσβεστική τρεις άνδρες, ηλικίας 30-40 ετών, απεγκλωβίστηκαν τραυματισμένοι από ανελκυστήρα επαγγελματικού χώρου και στη συνέχεια παρελήφθησαν από το ΕΚΑΒ και μεταφέρθηκαν στο νοσοκομείο. Στο σημείο επιχείρησαν 10 πυροσβέστες με τρία οχήματα. To Σάββατο 8 Οκτωβρίου, περί τις 12:00μμ, στο κατάστημα του  Παγκρατίου, συντελέστηκε ένα σοβαρό ατύχημα. Τρείς εργαζόμενοι  τραυματίστηκαν κατά την εκτέλεση εργασιών σε αποθηκευτικούς χώρους του  καταστήματος. Κινητοποιήθηκαν άμεσα όλοι οι συνάδελφοι του καταστήματος, παρασχέθηκαν  οι πρώτες βοήθειες και οι τραυματίες μεταφέρθηκαν στο ΚΑΤ και στο Λαϊκό  Νοσοκομείο. Εκπρόσωποι της εταιρείας βρίσκονται από την πρώτη στιγμή στο πλευρό των  εργαζομένων και των οικογενειών τους. Η Διοίκηση θα συμβάλλει με όλους τους  τρόπους, σε αυτή τη δύσκολη στιγμή, για την ταχεία ανάρρωσή τους.  Διενεργείται πλήρης έρευνα για να προσδιοριστούν τα αίτια και οι συνθήκες του  ατυχήματος και στο πλαίσιο αυτό θα υπάρξουν νεότερες ανακοινώσεις. ",True
https://www.naftemporiki.gr/society/1377570/pagkrati-ergatiko-atychima-se-epangelmatiko-choro-treis-travmaties/,Παγκράτι: Εργατικό ατύχημα σε επαγγελματικό χώρο – Τρεις τραυματίες,2022-10-08,13:41:55,Κοινωνία,,,"Εργατικό ατύχημα σημειώθηκε σήμερα στις 12 το μεσημέρι σε επαγγελματικό χώρο στο Παγκράτι, στη συμβολή των οδών Φιλολάου και Εμπεδοκλέους. Σύμφωνα με την Πυροσβεστική τρεις άνδρες, ηλικίας 30-40 ετών, απεγκλωβίστηκαν τραυματισμένοι από ανελκυστήρα επαγγελματικού χώρου και στη συνέχεια παρελήφθησαν από το ΕΚΑΒ και μεταφέρθηκαν στο νοσοκομείο. Στο σημείο επιχείρησαν 10 πυροσβέστες με τρία οχήματα. ",https://www.naftemporiki.gr/wp-content/themes/naftemporiki/images/N.PNG,,"Παγκράτι: Εργατικό ατύχημα σε επαγγελματικό χώρο – Τρεις τραυματίες Εργατικό ατύχημα σημειώθηκε σήμερα στις 12 το μεσημέρι σε επαγγελματικό χώρο στο Παγκράτι, στη συμβολή των οδών Φιλολάου και Εμπεδοκλέους. Σύμφωνα με την Πυροσβεστική τρεις άνδρες, ηλικίας 30-40 ετών, απεγκλωβίστηκαν τραυματισμένοι από ανελκυστήρα επαγγελματικού χώρου και στη συνέχεια παρελήφθησαν από το ΕΚΑΒ και μεταφέρθηκαν στο νοσοκομείο. Στο σημείο επιχείρησαν 10 πυροσβέστες με τρία οχήματα. ",True
https://www.naftemporiki.gr/society/1389115/pagkrati-ergatiko-atychima-se-epaggelmatiko-choro-treis-traymaties/,Παγκράτι: Εργατικό ατύχημα σε επαγγελματικό χώρο – Τρεις τραυματίες,2022-10-08,13:41:55,Κοινωνία,,,"Εργατικό ατύχημα σημειώθηκε σήμερα στις 12 το μεσημέρι σε επαγγελματικό χώρο στο Παγκράτι, στη συμβολή των οδών Φιλολάου και Εμπεδοκλέους. Σύμφωνα με την Πυροσβεστική τρεις άνδρες, ηλικίας 30-40 ετών, απεγκλωβίστηκαν τραυματισμένοι από ανελκυστήρα επαγγελματικού χώρου και στη συνέχεια παρελήφθησαν από το ΕΚΑΒ και μεταφέρθηκαν στο νοσοκομείο. Στο σημείο επιχείρησαν 10 πυροσβέστες με τρία οχήματα. ",https://www.naftemporiki.gr/wp-content/themes/naftemporiki/images/N.PNG,,"Παγκράτι: Εργατικό ατύχημα σε επαγγελματικό χώρο – Τρεις τραυματίες Εργατικό ατύχημα σημειώθηκε σήμερα στις 12 το μεσημέρι σε επαγγελματικό χώρο στο Παγκράτι, στη συμβολή των οδών Φιλολάου και Εμπεδοκλέους. Σύμφωνα με την Πυροσβεστική τρεις άνδρες, ηλικίας 30-40 ετών, απεγκλωβίστηκαν τραυματισμένοι από ανελκυστήρα επαγγελματικού χώρου και στη συνέχεια παρελήφθησαν από το ΕΚΑΒ και μεταφέρθηκαν στο νοσοκομείο. Στο σημείο επιχείρησαν 10 πυροσβέστες με τρία οχήματα. ",True
https://www.naftemporiki.gr/society/1356709/thessaloniki-ergatiko-atychima-me-dyo-travmaties-ston-oikismo-gefyra/,Θεσσαλονίκη: Εργατικό ατύχημα με δύο τραυματίες στον οικισμό Γέφυρα,2022-07-28,10:58:00,Κοινωνία,,,"Εργατικό ατύχημα με δύο τραυματίες σημειώθηκε το πρωί στον οικισμό Γέφυρα, έξω από τη Θεσσαλονίκη. Εκτελώντας εργασίες σε σούπερ – μάρκετ οι δυο άνδρες, υπό άγνωστες συνθήκες, έπεσαν από ύψος τουλάχιστον τεσσάρων μέτρων, με συνέπεια να τραυματιστούν, όπως έγινε γνωστό από την αστυνομία. Κατά την ίδια ενημέρωση μεταφέρθηκαν σε εφημερεύον νοσοκομείο. Είχε προηγηθεί, μόλις πριν από λίγα 24ωρα, ο θανάσιμος τραυματισμός 68χρονου εργάτη, στην ανατολική Θεσσαλονίκη, όταν στη διάρκεια εργασιών βαψίματος σε πολυκατοικία έπεσε στο κενό από σκαλωσιά. Πηγή: ΑΠΕ-ΜΠΕ ",https://www.naftemporiki.gr/wp-content/themes/naftemporiki/images/N.PNG,,"Θεσσαλονίκη: Εργατικό ατύχημα με δύο τραυματίες στον οικισμό Γέφυρα Εργατικό ατύχημα με δύο τραυματίες σημειώθηκε το πρωί στον οικισμό Γέφυρα, έξω από τη Θεσσαλονίκη. Εκτελώντας εργασίες σε σούπερ – μάρκετ οι δυο άνδρες, υπό άγνωστες συνθήκες, έπεσαν από ύψος τουλάχιστον τεσσάρων μέτρων, με συνέπεια να τραυματιστούν, όπως έγινε γνωστό από την αστυνομία. Κατά την ίδια ενημέρωση μεταφέρθηκαν σε εφημερεύον νοσοκομείο. Είχε προηγηθεί, μόλις πριν από λίγα 24ωρα, ο θανάσιμος τραυματισμός 68χρονου εργάτη, στην ανατολική Θεσσαλονίκη, όταν στη διάρκεια εργασιών βαψίματος σε πολυκατοικία έπεσε στο κενό από σκαλωσιά. Πηγή: ΑΠΕ-ΜΠΕ ",True
https://www.naftemporiki.gr/maritime/1325230/pno-katadikazei-aperifrasta-to-neo-ergatiko-atychima-ston-peiraia-anafaireto-dikaioma-i-asfaleia/,ΠΝΟ: Καταδικάζει απερίφραστα το νέο εργατικό ατύχημα στον Πειραιά – «Αναφαίρετο δικαίωμα η ασφάλεια»,2022-04-29,09:50:00,Ναυτιλία,,,"«H Πανελλήνια Ναυτική Ομοσπονδία (ΠΝΟ) καταδικάζει ρητά και απερίφραστα το νέο εργατικό ατύχημα που σημειώθηκε στις 28-4-2022, ημέρα που κατά τραγική ειρωνεία αποτελεί την Παγκόσμια Μέρα Υγείας και Ασφάλειας στην Εργασία στις προβλήτες της COSCO στον Πειραιά», τονίζει σε ανακοίνωσή της η ΠΝΟ. «Η Ομοσπονδία μας παράλληλα καλεί όλες τις αρμόδιες Υπηρεσίες να διερευνήσουν τα αίτια και τις συνθήκες του ατυχήματος και να αποδώσουν, εφόσον υπάρχουν, τις ευθύνες για το περιστατικό αυτό», συμπληρώνει. «Τέλος, δηλώνουμε προς πάσα κατεύθυνση ότι η υγιεινή και η ασφάλεια στους χώρους εργασίας είναι θεμελιώδεις και αναφαίρετο δικαίωμα των εργαζομένων και δεν επιδέχεται καμία ‘έκπτωση’ και απαιτούμε την άμεση λήψη ουσιαστικών  μέτρων για την ενίσχυση τους τόσο στα πλοία όσο και σε κάθε χώρο δουλειάς», καταλήγει. Σημειώνεται ότι το ατύχημα αφορά 37χρονο λιμενεργάτη, ο οποίος τραυματίστηκε χθες το πρωί στον Σταθμό Εμπορευματοκιβωτίων Πειραιά (ΣΕΠ), όταν έπεσε από ύψος στην προσπάθειά του να δέσει ένα κοντέινερ σε πλοίο με ξένη σημαία. ",https://www.naftemporiki.gr/wp-content/themes/naftemporiki/images/N.PNG,,"ΠΝΟ: Καταδικάζει απερίφραστα το νέο εργατικό ατύχημα στον Πειραιά – «Αναφαίρετο δικαίωμα η ασφάλεια» «H Πανελλήνια Ναυτική Ομοσπονδία (ΠΝΟ) καταδικάζει ρητά και απερίφραστα το νέο εργατικό ατύχημα που σημειώθηκε στις 28-4-2022, ημέρα που κατά τραγική ειρωνεία αποτελεί την Παγκόσμια Μέρα Υγείας και Ασφάλειας στην Εργασία στις προβλήτες της COSCO στον Πειραιά», τονίζει σε ανακοίνωσή της η ΠΝΟ. «Η Ομοσπονδία μας παράλληλα καλεί όλες τις αρμόδιες Υπηρεσίες να διερευνήσουν τα αίτια και τις συνθήκες του ατυχήματος και να αποδώσουν, εφόσον υπάρχουν, τις ευθύνες για το περιστατικό αυτό», συμπληρώνει. «Τέλος, δηλώνουμε προς πάσα κατεύθυνση ότι η υγιεινή και η ασφάλεια στους χώρους εργασίας είναι θεμελιώδεις και αναφαίρετο δικαίωμα των εργαζομένων και δεν επιδέχεται καμία ‘έκπτωση’ και απαιτούμε την άμεση λήψη ουσιαστικών  μέτρων για την ενίσχυση τους τόσο στα πλοία όσο και σε κάθε χώρο δουλειάς», καταλήγει. Σημειώνεται ότι το ατύχημα αφορά 37χρονο λιμενεργάτη, ο οποίος τραυματίστηκε χθες το πρωί στον Σταθμό Εμπορευματοκιβωτίων Πειραιά (ΣΕΠ), όταν έπεσε από ύψος στην προσπάθειά του να δέσει ένα κοντέινερ σε πλοίο με ξένη σημαία. ",True
https://www.naftemporiki.gr/society/1289906/thessaloniki-diasolinomenos-51chronos-meta-apo-ergatiko-atychima/,Θεσσαλονίκη: Διασωληνωμένος 51χρονος μετά από εργατικό ατύχημα,2022-01-25,23:41:00,Κοινωνία,,,Διασωληνωμένος νοσηλεύεται στο νοσοκομείο Παπαγεωργίου 51χρονος ο οποίος έπεσε από σκάλα την ώρα που εκτελούσε εργασίες σε κατάστημα στην οδό Καραολή Δημητρίου στο κέντρο της Θεσσαλονίκης. Ο άτυχος άντρας φέρει βαριές κρανιοεγκεφαλικές κακώσεις και θα υποβληθεί σε χειρουργική επέμβαση. ,https://www.naftemporiki.gr/wp-content/themes/naftemporiki/images/N.PNG,,Θεσσαλονίκη: Διασωληνωμένος 51χρονος μετά από εργατικό ατύχημα Διασωληνωμένος νοσηλεύεται στο νοσοκομείο Παπαγεωργίου 51χρονος ο οποίος έπεσε από σκάλα την ώρα που εκτελούσε εργασίες σε κατάστημα στην οδό Καραολή Δημητρίου στο κέντρο της Θεσσαλονίκης. Ο άτυχος άντρας φέρει βαριές κρανιοεγκεφαλικές κακώσεις και θα υποβληθεί σε χειρουργική επέμβαση. ,True
https://www.naftemporiki.gr/society/1289882/thessaloniki-diasolinomenos-nosilevetai-51chronos-meta-apo-ergatiko-atychima/,Θεσσαλονίκη: Διασωληνωμένος νοσηλεύεται 51χρονος μετά από εργατικό ατύχημα,2022-01-25,22:20:00,Κοινωνία,,,Διασωληνωμένος νοσηλεύεται στο νοσοκομείο Παπαγεωργίου 51χρονος ο οποίος έπεσε από σκάλα την ώρα που εκτελούσε εργασίες σε κατάστημα στην οδό Καραολή Δημητρίου στο κέντρο της Θεσσαλονίκης. Ο άτυχος άντρας φέρει βαριές κρανιοεγκεφαλικές κακώσεις και θα υποβληθεί σε χειρουργική επέμβαση. Πηγή: ΑΠΕ-ΜΠΕ ,https://www.naftemporiki.gr/wp-content/themes/naftemporiki/images/N.PNG,,Θεσσαλονίκη: Διασωληνωμένος νοσηλεύεται 51χρονος μετά από εργατικό ατύχημα Διασωληνωμένος νοσηλεύεται στο νοσοκομείο Παπαγεωργίου 51χρονος ο οποίος έπεσε από σκάλα την ώρα που εκτελούσε εργασίες σε κατάστημα στην οδό Καραολή Δημητρίου στο κέντρο της Θεσσαλονίκης. Ο άτυχος άντρας φέρει βαριές κρανιοεγκεφαλικές κακώσεις και θα υποβληθεί σε χειρουργική επέμβαση. Πηγή: ΑΠΕ-ΜΠΕ ,True
https://www.naftemporiki.gr/society/683778/larisa-sovaro-ergatiko-atychima-se-fourno-to-zymotirio-egklovise-to-cheri-tou/,Λάρισα: Σοβαρό εργατικό ατύχημα σε φούρνο- Το  ζυμωτήριο εγκλώβισε  το χέρι του,2021-06-15,10:59:00,Κοινωνία,,,"Ένα σοβαρό ατύχημα σημειώθηκε σε φούρνο στη Λάρισα, σήμερα το πρωί, με θύμα έναν εργαζόμενο της επιχείρησης. Σύμφωνα με όσα έχουν γίνει γνωστά, το ζυμωτήριο εγκλώβισε το δεξί χέρι του. Το περιστατικό κρίθηκε σοβαρό και για τον απεγκλωβισμό του εργαζόμενου έσπευσαν στο σημείο οκτώ πυροσβέστες. ",https://www.naftemporiki.gr/wp-content/themes/naftemporiki/images/N.PNG,,"Λάρισα: Σοβαρό εργατικό ατύχημα σε φούρνο- Το  ζυμωτήριο εγκλώβισε  το χέρι του Ένα σοβαρό ατύχημα σημειώθηκε σε φούρνο στη Λάρισα, σήμερα το πρωί, με θύμα έναν εργαζόμενο της επιχείρησης. Σύμφωνα με όσα έχουν γίνει γνωστά, το ζυμωτήριο εγκλώβισε το δεξί χέρι του. Το περιστατικό κρίθηκε σοβαρό και για τον απεγκλωβισμό του εργαζόμενου έσπευσαν στο σημείο οκτώ πυροσβέστες. ",True
https://www.naftemporiki.gr/society/585937/ergatiko-atychima-sto-limani-tou-irakleiou/,Εργατικό ατύχημα στο λιμάνι του Ηρακλείου,2018-07-05,15:22:00,Κοινωνία,,,"Εκτός κινδύνου, αλλά με πολλαπλά κατάγματα στο δεξί χέρι και πόδι, μεταφέρθηκε νωρίς το μεσημέρι στο «Βενιζέλειο» Νοσοκομείου Ηρακλείου Κρήτης ένας 57χρονος λιμενεργάτης, που τραυματίστηκε στη διάρκεια εργασιών εκφόρτωσης στο φορτηγό πλοίο «Ζωή» (Ν.Π.), εντός του λιμανιού της πόλης. Σύμφωνα με το Λιμενικό, ο άτυχος άνδρας καταπλακώθηκε από οικοδομικά σίδερα, τα οποία ξεφόρτωνε από το πλοίο γερανός. Κάτω από αδιευκρίνιστες συνθήκες, το συρματόσχοινο του γερανού έσπασε, με αποτέλεσμα το βαρύ φορτίο να πέσει πάνω στον 57χρονο. Προανάκριση διενεργείται από το Κεντρικό Λιμεναρχείο Ηρακλείου. naftemporiki.gr ",https://www.naftemporiki.gr/wp-content/themes/naftemporiki/images/N.PNG,,"Εργατικό ατύχημα στο λιμάνι του Ηρακλείου Εκτός κινδύνου, αλλά με πολλαπλά κατάγματα στο δεξί χέρι και πόδι, μεταφέρθηκε νωρίς το μεσημέρι στο «Βενιζέλειο» Νοσοκομείου Ηρακλείου Κρήτης ένας 57χρονος λιμενεργάτης, που τραυματίστηκε στη διάρκεια εργασιών εκφόρτωσης στο φορτηγό πλοίο «Ζωή» (Ν.Π.), εντός του λιμανιού της πόλης. Σύμφωνα με το Λιμενικό, ο άτυχος άνδρας καταπλακώθηκε από οικοδομικά σίδερα, τα οποία ξεφόρτωνε από το πλοίο γερανός. Κάτω από αδιευκρίνιστες συνθήκες, το συρματόσχοινο του γερανού έσπασε, με αποτέλεσμα το βαρύ φορτίο να πέσει πάνω στον 57χρονο. Προανάκριση διενεργείται από το Κεντρικό Λιμεναρχείο Ηρακλείου. naftemporiki.gr ",True
https://www.naftemporiki.gr/society/557488/thessaloniki-eisangeliki-paremvasi-gia-ergatiko-atychima-stin-ypiresia-kathariotitas-tou-kentrikou-dimou/,Θεσσαλονίκη: Εισαγγελική παρέμβαση για εργατικό ατύχημα στην υπηρεσία καθαριότητας του κεντρικού δήμου,2018-06-29,15:35:33,Κοινωνία,,,"Ποινικές ευθύνες για το εργατικό ατύχημα που σημειώθηκε στο τμήμα καθαριότητας του δήμου Θεσσαλονίκης με θύμα συμβασιούχο εργαζόμενη αναζητεί η Εισαγγελία Πρωτοδικών Θεσσαλονίκης, μέσω προκαταρκτικής εξέτασης που παρήγγειλε ο προϊστάμενός της, Λάμπρος Τσόγκας. Ειδικότερα, με έγγραφη παραγγελία του προς τον εισαγγελέα ποινικής δίωξης, Χρήστο Καραγιάννη, ο αντιεισαγγελέας Εφετών ζητεί να διεξαχθεί έρευνα, από το ΑΤ Λευκού Πύργου, για να διαπιστωθεί εάν τελέστηκε το αδίκημα της σωματικής βλάβης από αμέλεια από υπόχρεο. Το υπό διερεύνηση ατύχημα έγινε γνωστό ύστερα από ανακοίνωση της παράταξης «Δημοκρατική Αγωνιστική Συνεργασία» του δήμου Θεσσαλονίκης, σύμφωνα με την οποία, την ώρα που συνεργείο καθαριότητας πραγματοποιούσε αποκομιδή ανακυκλώσιμων υλικών, εκτοξεύτηκε υγρό, πιθανόν τοξικό, τη στιγμή που η πρέσα του απορριμματοφόρου συμπίεζε τα σκουπίδια. Όπως αναφέρεται στην ίδια ανακοίνωση, η άτυχη γυναίκα υπέστη εγκαύματα και μεταφέρθηκε για νοσηλεία στο Νοσοκομείο «Παπαγεωργίου». Υπό αυτές τις συνθήκες, όπως επισημαίνεται στην εισαγγελική παραγγελία, η προκαταρκτική εξέταση καλείται να δώσει απαντήσεις και στα εξής ερωτήματα: εάν η εργαζόμενη είχε εφοδιαστεί με τα απαιτούμενα προστατευτικά μέτρα για τη σωματική της ακεραιότητα κατά την εκτέλεση της εργασίας της και εάν είχαν δοθεί οι σχετικές οδηγίες για τη διαχείριση της απόθεσης του περιεχομένου των κάδων στο όχημα συλλογής απορριμμάτων του δήμου. Πηγή: ΑΜΠΕ ",https://www.naftemporiki.gr/wp-content/themes/naftemporiki/images/N.PNG,,"Θεσσαλονίκη: Εισαγγελική παρέμβαση για εργατικό ατύχημα στην υπηρεσία καθαριότητας του κεντρικού δήμου Ποινικές ευθύνες για το εργατικό ατύχημα που σημειώθηκε στο τμήμα καθαριότητας του δήμου Θεσσαλονίκης με θύμα συμβασιούχο εργαζόμενη αναζητεί η Εισαγγελία Πρωτοδικών Θεσσαλονίκης, μέσω προκαταρκτικής εξέτασης που παρήγγειλε ο προϊστάμενός της, Λάμπρος Τσόγκας. Ειδικότερα, με έγγραφη παραγγελία του προς τον εισαγγελέα ποινικής δίωξης, Χρήστο Καραγιάννη, ο αντιεισαγγελέας Εφετών ζητεί να διεξαχθεί έρευνα, από το ΑΤ Λευκού Πύργου, για να διαπιστωθεί εάν τελέστηκε το αδίκημα της σωματικής βλάβης από αμέλεια από υπόχρεο. Το υπό διερεύνηση ατύχημα έγινε γνωστό ύστερα από ανακοίνωση της παράταξης «Δημοκρατική Αγωνιστική Συνεργασία» του δήμου Θεσσαλονίκης, σύμφωνα με την οποία, την ώρα που συνεργείο καθαριότητας πραγματοποιούσε αποκομιδή ανακυκλώσιμων υλικών, εκτοξεύτηκε υγρό, πιθανόν τοξικό, τη στιγμή που η πρέσα του απορριμματοφόρου συμπίεζε τα σκουπίδια. Όπως αναφέρεται στην ίδια ανακοίνωση, η άτυχη γυναίκα υπέστη εγκαύματα και μεταφέρθηκε για νοσηλεία στο Νοσοκομείο «Παπαγεωργίου». Υπό αυτές τις συνθήκες, όπως επισημαίνεται στην εισαγγελική παραγγελία, η προκαταρκτική εξέταση καλείται να δώσει απαντήσεις και στα εξής ερωτήματα: εάν η εργαζόμενη είχε εφοδιαστεί με τα απαιτούμενα προστατευτικά μέτρα για τη σωματική της ακεραιότητα κατά την εκτέλεση της εργασίας της και εάν είχαν δοθεί οι σχετικές οδηγίες για τη διαχείριση της απόθεσης του περιεχομένου των κάδων στο όχημα συλλογής απορριμμάτων του δήμου. Πηγή: ΑΜΠΕ ",True
https://www.naftemporiki.gr/society/917206/ag-nikolaos-ergatiko-atychima-me-enan-nekro-kai-dyo-travmaties/,Αγ. Νικόλαος: Εργατικό ατύχημα με έναν νεκρό και δύο τραυματίες,2017-10-23,22:18:24,Κοινωνία,,,"Την τελευταία του πνοή άφησε ένας άνδρας 40 ετών, υπήκοος Αλβανίας, ενώ δύο ακόμη άτομα τραυματίστηκαν όταν ρεύμα διαπέρασε μεγάλη μεταλλική πλάκα που μετέφεραν από κοινού, στον Άγιο Νικόλαο Λασιθίου. Ο άτυχος 40χρονος, παρά τις προσπάθειες των γιατρών στο Γενικό Νοσοκομείο Αγίου Νικολάου, υπέστη καρδιοαναπνευστική ανακοπή. Ο δεύτερος εργαζόμενος νοσηλεύεται με αρρυθμία σε μονάδα εντατικής θεραπείας, ενώ για τον τρίτο, οι γιατροί αναφέρουν ότι έχει ξεπεράσει τον κίνδυνο. Πηγή: ΑΜΠΕ ",https://www.naftemporiki.gr/wp-content/themes/naftemporiki/images/N.PNG,,"Αγ. Νικόλαος: Εργατικό ατύχημα με έναν νεκρό και δύο τραυματίες Την τελευταία του πνοή άφησε ένας άνδρας 40 ετών, υπήκοος Αλβανίας, ενώ δύο ακόμη άτομα τραυματίστηκαν όταν ρεύμα διαπέρασε μεγάλη μεταλλική πλάκα που μετέφεραν από κοινού, στον Άγιο Νικόλαο Λασιθίου. Ο άτυχος 40χρονος, παρά τις προσπάθειες των γιατρών στο Γενικό Νοσοκομείο Αγίου Νικολάου, υπέστη καρδιοαναπνευστική ανακοπή. Ο δεύτερος εργαζόμενος νοσηλεύεται με αρρυθμία σε μονάδα εντατικής θεραπείας, ενώ για τον τρίτο, οι γιατροί αναφέρουν ότι έχει ξεπεράσει τον κίνδυνο. Πηγή: ΑΜΠΕ ",True
https://www.naftemporiki.gr/society/916232/thessaloniki-thanatiforo-ergatiko-atychima-se-oikogeneiako-oinopoieio/,Θεσσαλονίκη: Θανατηφόρο εργατικό ατύχημα σε οικογενειακό οινοποιείο,2017-10-23,15:28:46,Κοινωνία,,,"Τραγικό θάνατο βρήκε 32χρονος μέσα σε καζάνι μούστου σε οικογενειακό οινοποιείο στην επαρχιακή οδό μεταξύ Λαγκαδά και Ασσύρου Θεσσαλονίκης. Η Πυροσβεστική απεγκλώβισε τον άτυχο άνδρα από το καζάνι, ενώ το πλήρωμα του ΕΚΑΒ, που κλήθηκε στο οινοποιείο, διαπίστωσε τον θάνατό του. ",https://www.naftemporiki.gr/wp-content/themes/naftemporiki/images/N.PNG,,"Θεσσαλονίκη: Θανατηφόρο εργατικό ατύχημα σε οικογενειακό οινοποιείο Τραγικό θάνατο βρήκε 32χρονος μέσα σε καζάνι μούστου σε οικογενειακό οινοποιείο στην επαρχιακή οδό μεταξύ Λαγκαδά και Ασσύρου Θεσσαλονίκης. Η Πυροσβεστική απεγκλώβισε τον άτυχο άνδρα από το καζάνι, ενώ το πλήρωμα του ΕΚΑΒ, που κλήθηκε στο οινοποιείο, διαπίστωσε τον θάνατό του. ",True
https://www.naftemporiki.gr/society/702037/thanatiforo-ergatiko-atychima-se-orycheio-stin-kozani/,Θανατηφόρο εργατικό ατύχημα σε ορυχείο στην Κοζάνη,2017-08-19,16:50:47,Κοινωνία,,,"Θανατηφόρο εργατικό ατύχημα σημειώθηκε το Σάββατο στο Ορυχείο Καρδιάς. Ένας 34χρονος, χειριστής ανυψωτικού μηχανήματος (κλαρκ), τραυματίστηκε θανάσιμα, όταν κατά τη διάρκεια προπαρασκευαστικών εργασιών εργολάβου και κάτω από αδιευκρίνιστες, μέχρι στιγμής, συνθήκες καταπλακώθηκε από το μηχάνημα. Τα αίτια του δυστυχήματος διερευνώνται από τις αρμόδιες αρχές. ",https://www.naftemporiki.gr/wp-content/themes/naftemporiki/images/N.PNG,,"Θανατηφόρο εργατικό ατύχημα σε ορυχείο στην Κοζάνη Θανατηφόρο εργατικό ατύχημα σημειώθηκε το Σάββατο στο Ορυχείο Καρδιάς. Ένας 34χρονος, χειριστής ανυψωτικού μηχανήματος (κλαρκ), τραυματίστηκε θανάσιμα, όταν κατά τη διάρκεια προπαρασκευαστικών εργασιών εργολάβου και κάτω από αδιευκρίνιστες, μέχρι στιγμής, συνθήκες καταπλακώθηκε από το μηχάνημα. Τα αίτια του δυστυχήματος διερευνώνται από τις αρμόδιες αρχές. ",True
https://www.naftemporiki.gr/society/323829/ergatiko-atychima-se-oikodomi-sto-irakleio-kritis/,Εργατικό ατύχημα σε οικοδομή στο Ηράκλειο Κρήτης,2017-05-26,15:11:09,Κοινωνία,,,"Εργατικό ατύχημα σημειώθηκε το μεσημέρι σε οικοδομή στη Χανιώπορτα, στην συμβολή της Αρχιεπισκόπου Μακαρίου με την οδό Κισσάμου. Αλλοδαπός 40χρονος εργάτης έπεσε στο κενό από τον τρίτο όροφο του εργοταξίου και μεταφέρθηκε σοβαρά τραυματισμένος μεταφέρθηκε στο Πανεπιστημιακό Νοσοκομείο Ηρακλείου. Στο σημείο έσπευσε και τον παρέλαβε ασθενοφόρο του ΕΚΑΒ, που τον μετέφερε στο νοσοκομείο, ενώ στον τόπο του εργατικού ατυχήματος έσπευσε ο πρόεδρος του Εργατικού Κέντρου Στέλιος Βοργιάς, καθώς και κλιμάκιο από την Επιθεώρηση Εργασίας. Πηγή: ΑΜΠΕ ",https://www.naftemporiki.gr/wp-content/themes/naftemporiki/images/N.PNG,,"Εργατικό ατύχημα σε οικοδομή στο Ηράκλειο Κρήτης Εργατικό ατύχημα σημειώθηκε το μεσημέρι σε οικοδομή στη Χανιώπορτα, στην συμβολή της Αρχιεπισκόπου Μακαρίου με την οδό Κισσάμου. Αλλοδαπός 40χρονος εργάτης έπεσε στο κενό από τον τρίτο όροφο του εργοταξίου και μεταφέρθηκε σοβαρά τραυματισμένος μεταφέρθηκε στο Πανεπιστημιακό Νοσοκομείο Ηρακλείου. Στο σημείο έσπευσε και τον παρέλαβε ασθενοφόρο του ΕΚΑΒ, που τον μετέφερε στο νοσοκομείο, ενώ στον τόπο του εργατικού ατυχήματος έσπευσε ο πρόεδρος του Εργατικού Κέντρου Στέλιος Βοργιάς, καθώς και κλιμάκιο από την Επιθεώρηση Εργασίας. Πηγή: ΑΜΠΕ ",True
https://www.naftemporiki.gr/society/1008336/ergatiko-atychima-sti-nafpigoepiskevastiki-zoni-peramatos/,Εργατικό ατύχημα στη ναυπηγοεπισκευαστική ζώνη Περάματος,2016-10-21,14:37:23,Κοινωνία,,,"Εργατικό ατύχημα σημειώθηκε στη ναυπηγοεπισκευαστική ζώνη Περάματος. Όπως μεταδίδει το ΑΜΠΕ, 43χρονος εργάτης, μέλος συνεργείου, τραυματίστηκε κατά τη διάρκεια εκτέλεσης εργασιών στον καταπέλτη του επιβατηγού οχηματαγωγού πλοίου olumpic champion, που ήταν ελλιμενισμένο στη ναυπηγοεπισκευαστική ζώνη. Ο 43χρονος, σύμφωνα με τις πρώτες πληροφορίες, έχασε την ισορροπία του και έπεσε από ύψος, με αποτέλεσμα να υποστεί κάταγμα στο δεξιό μηρό του κάτω άκρου και θλαστικό τραύμα στο κεφάλι. Ο τραυματίας μεταφέρθηκε στο Αττικό Νοσοκομείο με ασθενοφόρο του ΕΚΑΒ ",https://www.naftemporiki.gr/wp-content/themes/naftemporiki/images/N.PNG,,"Εργατικό ατύχημα στη ναυπηγοεπισκευαστική ζώνη Περάματος Εργατικό ατύχημα σημειώθηκε στη ναυπηγοεπισκευαστική ζώνη Περάματος. Όπως μεταδίδει το ΑΜΠΕ, 43χρονος εργάτης, μέλος συνεργείου, τραυματίστηκε κατά τη διάρκεια εκτέλεσης εργασιών στον καταπέλτη του επιβατηγού οχηματαγωγού πλοίου olumpic champion, που ήταν ελλιμενισμένο στη ναυπηγοεπισκευαστική ζώνη. Ο 43χρονος, σύμφωνα με τις πρώτες πληροφορίες, έχασε την ισορροπία του και έπεσε από ύψος, με αποτέλεσμα να υποστεί κάταγμα στο δεξιό μηρό του κάτω άκρου και θλαστικό τραύμα στο κεφάλι. Ο τραυματίας μεταφέρθηκε στο Αττικό Νοσοκομείο με ασθενοφόρο του ΕΚΑΒ ",True
https://www.naftemporiki.gr/society/825133/irakleio-ypekypse-46chroni-meta-apo-ergatiko-atychima-pou-eiche-ginei-prin-dyo-mines/,Ηράκλειο: Υπέκυψε 46χρονη μετά από εργατικό ατύχημα που είχε γίνει πριν δύο μήνες,2016-08-26,19:48:00,Κοινωνία,,,"Στα τραύματά της υπέκυψε μετά από δύο μήνες νοσηλείας 46χρονη, εργαζόμενη στον δήμο Ηρακλείου, η οποία είχε παρασυρθεί από απορριμματοφόρο ανήμερα του Αγίου Πνεύματος, ενώ βρισκόταν σε συνεργείο αποκομιδής απορριμμάτων. Το εργατικό ατύχημα είχε σημειωθεί στις 20 Ιουνίου, με τη 46χρονη μητέρα τεσσάρων παιδιών από τότε να νοσηλεύεται στη Μονάδα Εντατικής Θεραπείας του Βενιζέλειου Νοσοκομείου με σοβαρά τραύματα. Παρά τις προσπάθειες των γιατρών του νοσοκομείου, η άτυχη γυναίκα άφησε το μεσημέρι της Παρασκευής την τελευταία της πνοή. Πηγή: ΑΜΠΕ ",https://www.naftemporiki.gr/wp-content/themes/naftemporiki/images/N.PNG,,"Ηράκλειο: Υπέκυψε 46χρονη μετά από εργατικό ατύχημα που είχε γίνει πριν δύο μήνες Στα τραύματά της υπέκυψε μετά από δύο μήνες νοσηλείας 46χρονη, εργαζόμενη στον δήμο Ηρακλείου, η οποία είχε παρασυρθεί από απορριμματοφόρο ανήμερα του Αγίου Πνεύματος, ενώ βρισκόταν σε συνεργείο αποκομιδής απορριμμάτων. Το εργατικό ατύχημα είχε σημειωθεί στις 20 Ιουνίου, με τη 46χρονη μητέρα τεσσάρων παιδιών από τότε να νοσηλεύεται στη Μονάδα Εντατικής Θεραπείας του Βενιζέλειου Νοσοκομείου με σοβαρά τραύματα. Παρά τις προσπάθειες των γιατρών του νοσοκομείου, η άτυχη γυναίκα άφησε το μεσημέρι της Παρασκευής την τελευταία της πνοή. Πηγή: ΑΜΠΕ ",True
https://www.naftemporiki.gr/society/523353/nekros-se-ergatiko-atychima-technikos-tou-deddie/,Νεκρός σε εργατικό ατύχημα τεχνικός του ΔΕΔΔΗΕ,2016-06-13,13:29:00,Κοινωνία,,,"Τη ζωή του έχασε το βράδυ του Σαββάτου τεχνικός του ΔΕΔΔΗΕ όταν έπεσε εν ώρα εργασίας από ύψος πολλών μέτρων κι ενώ βρισκόταν πάνω στο καλάθι του υπηρεσιακού οχήματος στη Νέα Μάκρη. Σύμφωνα με το σωματείο επρόκειτο για έμπειρο τεχνικό πατέρα δύο παιδιών. Η Ένωση Τεχνικών του Ομίλου ΔΕΗ τονίζει σε ανακοίνωσή της ότι την αναγκαιότητα αντικατάστασης του στόλου των οχημάτων χωρίς να εισακουσθεί. «Αναρωτιόμαστε γιατί καθυστερεί διαγωνισμός για τα οχήματα 4Χ4 και γιατί κωλυσιεργεί;  Ζητάμε τη σταδιακή αντικατάσταση των παλαιών καλαθοφόρων οχημάτων, το οποίο έχουμε επισημάνει εδώ και πολύ καιρό» σημειώνει. Οι τεχνικοί κρούουν τον κώδωνα του κινδύνου για «την σοβαρή έλλειψη εφοδίων και υλικών (γάντια τάσεως, ζώνες πέντε σημείων, φόρμες κ.α.)» και θέτουν μία σειρά από ερωτήματα, «για πιο λόγο αναβάλετε συνεχώς η προμήθειά τους; Μήπως «περιμένουν» κανένα νέο ατύχημα, όπως το προαναφερθέν, για να γίνουν πράξη αυτά που τόσο καιρό τώρα επισημαίνουμε;». Ζητούν τέλος την άμεση διερεύνηση και απάντηση για τα αίτια αυτού του τραγικού ατυχήματος, χωρίς περιστροφές. ",https://www.naftemporiki.gr/wp-content/themes/naftemporiki/images/N.PNG,,"Νεκρός σε εργατικό ατύχημα τεχνικός του ΔΕΔΔΗΕ Τη ζωή του έχασε το βράδυ του Σαββάτου τεχνικός του ΔΕΔΔΗΕ όταν έπεσε εν ώρα εργασίας από ύψος πολλών μέτρων κι ενώ βρισκόταν πάνω στο καλάθι του υπηρεσιακού οχήματος στη Νέα Μάκρη. Σύμφωνα με το σωματείο επρόκειτο για έμπειρο τεχνικό πατέρα δύο παιδιών. Η Ένωση Τεχνικών του Ομίλου ΔΕΗ τονίζει σε ανακοίνωσή της ότι την αναγκαιότητα αντικατάστασης του στόλου των οχημάτων χωρίς να εισακουσθεί. «Αναρωτιόμαστε γιατί καθυστερεί διαγωνισμός για τα οχήματα 4Χ4 και γιατί κωλυσιεργεί;  Ζητάμε τη σταδιακή αντικατάσταση των παλαιών καλαθοφόρων οχημάτων, το οποίο έχουμε επισημάνει εδώ και πολύ καιρό» σημειώνει. Οι τεχνικοί κρούουν τον κώδωνα του κινδύνου για «την σοβαρή έλλειψη εφοδίων και υλικών (γάντια τάσεως, ζώνες πέντε σημείων, φόρμες κ.α.)» και θέτουν μία σειρά από ερωτήματα, «για πιο λόγο αναβάλετε συνεχώς η προμήθειά τους; Μήπως «περιμένουν» κανένα νέο ατύχημα, όπως το προαναφερθέν, για να γίνουν πράξη αυτά που τόσο καιρό τώρα επισημαίνουμε;». Ζητούν τέλος την άμεση διερεύνηση και απάντηση για τα αίτια αυτού του τραγικού ατυχήματος, χωρίς περιστροφές. ",True
https://www.naftemporiki.gr/society/447000/ergatiko-atychima-me-thyma-ergazomeno-se-ypiresia-tou-dimou-chanion/,Εργατικό ατύχημα με θύμα εργαζόμενο σε υπηρεσία του Δήμου Χανίων,2016-06-01,16:03:30,Κοινωνία,,,Στην Εντατική με κρανιοεγκεφαλικές κακώσεις και και κατάγματα στα χέρια νοσηλεύεται εργαζόμενος στην υπηρεσία ηλεκτροφωτισμού του Δήμου Χανίων. Το εργατικό ατύχημα συνέβη το πρωί της Πέμπτης όταν ο εργαζόμενος ήταν ανεβασμένος στον κάδο του ειδικού γερανοφόρου οχήματος και ασχολείτο με την συντήρηση του ηλεκτροφωτισμού στην περιοχή των Περιβολίων. Σύμφωνα με τα όσα έχουν γίνει γνωστά κατά τη διάρκεια της εργασίας έσπασε το μεταλλικό μπράτσο του κάδου στο οποίο βρισκόταν ο εργαζόμενος με αποτέλεσμα να πέσει στο έδαφος από ύψος περίπου 3 μέτρων. Αμέσως μετά την πτώση του ο εργαζόμενος που διατηρούσε τις αισθήσεις του μεταφέρθηκε στο νοσοκομείο της πόλης. ,https://www.naftemporiki.gr/wp-content/themes/naftemporiki/images/N.PNG,,Εργατικό ατύχημα με θύμα εργαζόμενο σε υπηρεσία του Δήμου Χανίων Στην Εντατική με κρανιοεγκεφαλικές κακώσεις και και κατάγματα στα χέρια νοσηλεύεται εργαζόμενος στην υπηρεσία ηλεκτροφωτισμού του Δήμου Χανίων. Το εργατικό ατύχημα συνέβη το πρωί της Πέμπτης όταν ο εργαζόμενος ήταν ανεβασμένος στον κάδο του ειδικού γερανοφόρου οχήματος και ασχολείτο με την συντήρηση του ηλεκτροφωτισμού στην περιοχή των Περιβολίων. Σύμφωνα με τα όσα έχουν γίνει γνωστά κατά τη διάρκεια της εργασίας έσπασε το μεταλλικό μπράτσο του κάδου στο οποίο βρισκόταν ο εργαζόμενος με αποτέλεσμα να πέσει στο έδαφος από ύψος περίπου 3 μέτρων. Αμέσως μετά την πτώση του ο εργαζόμενος που διατηρούσε τις αισθήσεις του μεταφέρθηκε στο νοσοκομείο της πόλης. ,True
https://www.naftemporiki.gr/society/323585/ergatiko-atychima-sto-irakleio-kritis-me-tesseris-travmaties/,Εργατικό ατύχημα στο Ηράκλειο Κρήτης με τέσσερις τραυματίες,2016-05-16,11:46:46,Κοινωνία,,,"Εργατικό ατύχημα σημειώθηκε, σήμερα, κατά τη διάρκεια εργασιών στον δεύτερο όροφο κτηρίου, στην πλατεία του Αγίου Τίτου, στο κέντρο του Ηρακλείου Κρήτης, με αποτέλεσμα να τραυματιστούν τέσσερα άτομα. Οι πρώτες πληροφορίες, τις οποίες μεταδίδει ο ανταποκριτής του ΑΜΠΕ στην περιοχή, αναφέρουν ότι μπαλκόνι, στο οποίο βρίσκονταν τρεις οικοδόμοι -υπό συνθήκες που διερευνώνται- υποχώρησε, με αποτέλεσμα να πέσουν από ύψος περίπου 8 με 9 μέτρων, ενώ τα μπάζα τραυμάτισαν άλλον έναν εργαζόμενο που βρισκόταν κάτω απ’ αυτό. Στο σημείο έσπευσε το ΕΚΑΒ με τρία ασθενοφόρα για να μεταφέρει τους τραυματίες στο Βενιζέλειο νοσοκομείο. Σύμφωνα με τις ίδιες πληροφορίες, οι τρεις από τους εργαζόμενους έχουν τραυματιστεί σοβαρά και ελαφρύτερα ο τέταρτος.  ",https://www.naftemporiki.gr/wp-content/themes/naftemporiki/images/N.PNG,,"Εργατικό ατύχημα στο Ηράκλειο Κρήτης με τέσσερις τραυματίες Εργατικό ατύχημα σημειώθηκε, σήμερα, κατά τη διάρκεια εργασιών στον δεύτερο όροφο κτηρίου, στην πλατεία του Αγίου Τίτου, στο κέντρο του Ηρακλείου Κρήτης, με αποτέλεσμα να τραυματιστούν τέσσερα άτομα. Οι πρώτες πληροφορίες, τις οποίες μεταδίδει ο ανταποκριτής του ΑΜΠΕ στην περιοχή, αναφέρουν ότι μπαλκόνι, στο οποίο βρίσκονταν τρεις οικοδόμοι -υπό συνθήκες που διερευνώνται- υποχώρησε, με αποτέλεσμα να πέσουν από ύψος περίπου 8 με 9 μέτρων, ενώ τα μπάζα τραυμάτισαν άλλον έναν εργαζόμενο που βρισκόταν κάτω απ’ αυτό. Στο σημείο έσπευσε το ΕΚΑΒ με τρία ασθενοφόρα για να μεταφέρει τους τραυματίες στο Βενιζέλειο νοσοκομείο. Σύμφωνα με τις ίδιες πληροφορίες, οι τρεις από τους εργαζόμενους έχουν τραυματιστεί σοβαρά και ελαφρύτερα ο τέταρτος.  ",True
https://www.naftemporiki.gr/society/1038967/thanatiforo-ergatiko-atychima-sto-orycheio-mavropigis-tis-dei/,Θανατηφόρο εργατικό ατύχημα στο ορυχείο Μαυροπηγής της ΔΕΗ,2015-10-29,18:56:54,Κοινωνία,,,"Ένας 54χρονος έχασε τη ζωή του σε εργατικό δυστύχημα στο ορυχείο Μαυροπηγής της ΔΕΗ. Νεκρός είναι -σύμφωνα με ανακοίνωση της Αστυνομίας- ένας 54χρονος που εργαζόταν σε εργολάβο της ΔΕΗ. Κατά την ίδια ανακοίνωση, ο άτυχος άνδρας έχασε τη ζωή του στη διάρκεια εκτέλεσης εργασιών. Ο 54χρονος μεταφέρθηκε με ασθενοφόρο σε νοσοκομείο, όπου όμως οι γιατροί διαπίστωσαν το θάνατό του. Προανάκριση για τα αίτια και τις συνθήκες του ατυχήματος διενεργεί το Αστυνομικό Τμήμα Πτολεμαΐδας. ",https://www.naftemporiki.gr/wp-content/themes/naftemporiki/images/N.PNG,,"Θανατηφόρο εργατικό ατύχημα στο ορυχείο Μαυροπηγής της ΔΕΗ Ένας 54χρονος έχασε τη ζωή του σε εργατικό δυστύχημα στο ορυχείο Μαυροπηγής της ΔΕΗ. Νεκρός είναι -σύμφωνα με ανακοίνωση της Αστυνομίας- ένας 54χρονος που εργαζόταν σε εργολάβο της ΔΕΗ. Κατά την ίδια ανακοίνωση, ο άτυχος άνδρας έχασε τη ζωή του στη διάρκεια εκτέλεσης εργασιών. Ο 54χρονος μεταφέρθηκε με ασθενοφόρο σε νοσοκομείο, όπου όμως οι γιατροί διαπίστωσαν το θάνατό του. Προανάκριση για τα αίτια και τις συνθήκες του ατυχήματος διενεργεί το Αστυνομικό Τμήμα Πτολεμαΐδας. ",True
https://www.naftemporiki.gr/society/210458/irakleio-ypekypse-42chronos-meta-apo-ergatiko-atychima/,Ηράκλειο: Υπέκυψε 42χρονος μετά από εργατικό ατύχημα,2015-03-28,18:09:10,Κοινωνία,,,"Υπέκυψε στα τραύματά του ο αλλοδαπός εργάτης που είχε τραυματιστεί σήμερα το πρωί σοβαρά όταν έπεσε από τον τρίτο όροφο οικοδομής κατά τη διάρκεια εργασιών για την κατεδάφισή της, στο κέντρο του Ηρακλείου. Πρόκειται για 42χρονο από την Αλβανία, ο οποίος μετά την πτώση του μεταφέρθηκε με ασθενοφόρο του ΕΚΑΒ στο Πανεπιστημιακό Νοσοκομείο με σοβαρά τραύματα και αργότερα άφησε την τελευταία του πνοή. Πηγή: ΑΜΠΕ ",https://www.naftemporiki.gr/wp-content/themes/naftemporiki/images/N.PNG,,"Ηράκλειο: Υπέκυψε 42χρονος μετά από εργατικό ατύχημα Υπέκυψε στα τραύματά του ο αλλοδαπός εργάτης που είχε τραυματιστεί σήμερα το πρωί σοβαρά όταν έπεσε από τον τρίτο όροφο οικοδομής κατά τη διάρκεια εργασιών για την κατεδάφισή της, στο κέντρο του Ηρακλείου. Πρόκειται για 42χρονο από την Αλβανία, ο οποίος μετά την πτώση του μεταφέρθηκε με ασθενοφόρο του ΕΚΑΒ στο Πανεπιστημιακό Νοσοκομείο με σοβαρά τραύματα και αργότερα άφησε την τελευταία του πνοή. Πηγή: ΑΜΠΕ ",True
